{"assets/images/comingsoon.png":["assets/images/comingsoon.png"],"assets/images/failed.png":["assets/images/failed.png"],"assets/images/google_play.png":["assets/images/google_play.png"],"assets/images/hot.png":["assets/images/hot.png"],"assets/images/img_empty.png":["assets/images/img_empty.png"],"assets/images/ios.png":["assets/images/ios.png"],"assets/images/selfie.png":["assets/images/selfie.png"],"assets/images/tether.png":["assets/images/tether.png"],"assets/images/wallet.png":["assets/images/wallet.png"],"assets/images/warning.png":["assets/images/warning.png"],"assets/logo/logo.png":["assets/logo/logo.png"],"assets/lottie/barcodescanning.json":["assets/lottie/barcodescanning.json"],"assets/lottie/empty.json":["assets/lottie/empty.json"],"assets/lottie/failed.json":["assets/lottie/failed.json"],"assets/lottie/hot.json":["assets/lottie/hot.json"],"assets/lottie/id-card.json":["assets/lottie/id-card.json"],"assets/lottie/pending.json":["assets/lottie/pending.json"],"assets/lottie/selfie-animation.json":["assets/lottie/selfie-animation.json"],"assets/lottie/top_up_success.json":["assets/lottie/top_up_success.json"],"fonts/abel/NuosuSIL-Regular.ttf":["fonts/abel/NuosuSIL-Regular.ttf"],"packages/country_icons/icons/flags/png/2.5x/ad.png":["packages/country_icons/icons/flags/png/2.5x/ad.png"],"packages/country_icons/icons/flags/png/2.5x/ae.png":["packages/country_icons/icons/flags/png/2.5x/ae.png"],"packages/country_icons/icons/flags/png/2.5x/af.png":["packages/country_icons/icons/flags/png/2.5x/af.png"],"packages/country_icons/icons/flags/png/2.5x/ag.png":["packages/country_icons/icons/flags/png/2.5x/ag.png"],"packages/country_icons/icons/flags/png/2.5x/ai.png":["packages/country_icons/icons/flags/png/2.5x/ai.png"],"packages/country_icons/icons/flags/png/2.5x/al.png":["packages/country_icons/icons/flags/png/2.5x/al.png"],"packages/country_icons/icons/flags/png/2.5x/am.png":["packages/country_icons/icons/flags/png/2.5x/am.png"],"packages/country_icons/icons/flags/png/2.5x/ao.png":["packages/country_icons/icons/flags/png/2.5x/ao.png"],"packages/country_icons/icons/flags/png/2.5x/aq.png":["packages/country_icons/icons/flags/png/2.5x/aq.png"],"packages/country_icons/icons/flags/png/2.5x/ar.png":["packages/country_icons/icons/flags/png/2.5x/ar.png"],"packages/country_icons/icons/flags/png/2.5x/as.png":["packages/country_icons/icons/flags/png/2.5x/as.png"],"packages/country_icons/icons/flags/png/2.5x/at.png":["packages/country_icons/icons/flags/png/2.5x/at.png"],"packages/country_icons/icons/flags/png/2.5x/au.png":["packages/country_icons/icons/flags/png/2.5x/au.png"],"packages/country_icons/icons/flags/png/2.5x/aw.png":["packages/country_icons/icons/flags/png/2.5x/aw.png"],"packages/country_icons/icons/flags/png/2.5x/ax.png":["packages/country_icons/icons/flags/png/2.5x/ax.png"],"packages/country_icons/icons/flags/png/2.5x/az.png":["packages/country_icons/icons/flags/png/2.5x/az.png"],"packages/country_icons/icons/flags/png/2.5x/ba.png":["packages/country_icons/icons/flags/png/2.5x/ba.png"],"packages/country_icons/icons/flags/png/2.5x/bb.png":["packages/country_icons/icons/flags/png/2.5x/bb.png"],"packages/country_icons/icons/flags/png/2.5x/bd.png":["packages/country_icons/icons/flags/png/2.5x/bd.png"],"packages/country_icons/icons/flags/png/2.5x/be.png":["packages/country_icons/icons/flags/png/2.5x/be.png"],"packages/country_icons/icons/flags/png/2.5x/bf.png":["packages/country_icons/icons/flags/png/2.5x/bf.png"],"packages/country_icons/icons/flags/png/2.5x/bg.png":["packages/country_icons/icons/flags/png/2.5x/bg.png"],"packages/country_icons/icons/flags/png/2.5x/bh.png":["packages/country_icons/icons/flags/png/2.5x/bh.png"],"packages/country_icons/icons/flags/png/2.5x/bi.png":["packages/country_icons/icons/flags/png/2.5x/bi.png"],"packages/country_icons/icons/flags/png/2.5x/bj.png":["packages/country_icons/icons/flags/png/2.5x/bj.png"],"packages/country_icons/icons/flags/png/2.5x/bl.png":["packages/country_icons/icons/flags/png/2.5x/bl.png"],"packages/country_icons/icons/flags/png/2.5x/bm.png":["packages/country_icons/icons/flags/png/2.5x/bm.png"],"packages/country_icons/icons/flags/png/2.5x/bn.png":["packages/country_icons/icons/flags/png/2.5x/bn.png"],"packages/country_icons/icons/flags/png/2.5x/bo.png":["packages/country_icons/icons/flags/png/2.5x/bo.png"],"packages/country_icons/icons/flags/png/2.5x/bq.png":["packages/country_icons/icons/flags/png/2.5x/bq.png"],"packages/country_icons/icons/flags/png/2.5x/br.png":["packages/country_icons/icons/flags/png/2.5x/br.png"],"packages/country_icons/icons/flags/png/2.5x/bs.png":["packages/country_icons/icons/flags/png/2.5x/bs.png"],"packages/country_icons/icons/flags/png/2.5x/bt.png":["packages/country_icons/icons/flags/png/2.5x/bt.png"],"packages/country_icons/icons/flags/png/2.5x/bv.png":["packages/country_icons/icons/flags/png/2.5x/bv.png"],"packages/country_icons/icons/flags/png/2.5x/bw.png":["packages/country_icons/icons/flags/png/2.5x/bw.png"],"packages/country_icons/icons/flags/png/2.5x/by.png":["packages/country_icons/icons/flags/png/2.5x/by.png"],"packages/country_icons/icons/flags/png/2.5x/bz.png":["packages/country_icons/icons/flags/png/2.5x/bz.png"],"packages/country_icons/icons/flags/png/2.5x/ca.png":["packages/country_icons/icons/flags/png/2.5x/ca.png"],"packages/country_icons/icons/flags/png/2.5x/cc.png":["packages/country_icons/icons/flags/png/2.5x/cc.png"],"packages/country_icons/icons/flags/png/2.5x/cd.png":["packages/country_icons/icons/flags/png/2.5x/cd.png"],"packages/country_icons/icons/flags/png/2.5x/cf.png":["packages/country_icons/icons/flags/png/2.5x/cf.png"],"packages/country_icons/icons/flags/png/2.5x/cg.png":["packages/country_icons/icons/flags/png/2.5x/cg.png"],"packages/country_icons/icons/flags/png/2.5x/ch.png":["packages/country_icons/icons/flags/png/2.5x/ch.png"],"packages/country_icons/icons/flags/png/2.5x/ci.png":["packages/country_icons/icons/flags/png/2.5x/ci.png"],"packages/country_icons/icons/flags/png/2.5x/ck.png":["packages/country_icons/icons/flags/png/2.5x/ck.png"],"packages/country_icons/icons/flags/png/2.5x/cl.png":["packages/country_icons/icons/flags/png/2.5x/cl.png"],"packages/country_icons/icons/flags/png/2.5x/cm.png":["packages/country_icons/icons/flags/png/2.5x/cm.png"],"packages/country_icons/icons/flags/png/2.5x/cn.png":["packages/country_icons/icons/flags/png/2.5x/cn.png"],"packages/country_icons/icons/flags/png/2.5x/co.png":["packages/country_icons/icons/flags/png/2.5x/co.png"],"packages/country_icons/icons/flags/png/2.5x/cr.png":["packages/country_icons/icons/flags/png/2.5x/cr.png"],"packages/country_icons/icons/flags/png/2.5x/cu.png":["packages/country_icons/icons/flags/png/2.5x/cu.png"],"packages/country_icons/icons/flags/png/2.5x/cv.png":["packages/country_icons/icons/flags/png/2.5x/cv.png"],"packages/country_icons/icons/flags/png/2.5x/cw.png":["packages/country_icons/icons/flags/png/2.5x/cw.png"],"packages/country_icons/icons/flags/png/2.5x/cx.png":["packages/country_icons/icons/flags/png/2.5x/cx.png"],"packages/country_icons/icons/flags/png/2.5x/cy.png":["packages/country_icons/icons/flags/png/2.5x/cy.png"],"packages/country_icons/icons/flags/png/2.5x/cz.png":["packages/country_icons/icons/flags/png/2.5x/cz.png"],"packages/country_icons/icons/flags/png/2.5x/de.png":["packages/country_icons/icons/flags/png/2.5x/de.png"],"packages/country_icons/icons/flags/png/2.5x/dj.png":["packages/country_icons/icons/flags/png/2.5x/dj.png"],"packages/country_icons/icons/flags/png/2.5x/dk.png":["packages/country_icons/icons/flags/png/2.5x/dk.png"],"packages/country_icons/icons/flags/png/2.5x/dm.png":["packages/country_icons/icons/flags/png/2.5x/dm.png"],"packages/country_icons/icons/flags/png/2.5x/do.png":["packages/country_icons/icons/flags/png/2.5x/do.png"],"packages/country_icons/icons/flags/png/2.5x/dz.png":["packages/country_icons/icons/flags/png/2.5x/dz.png"],"packages/country_icons/icons/flags/png/2.5x/ec.png":["packages/country_icons/icons/flags/png/2.5x/ec.png"],"packages/country_icons/icons/flags/png/2.5x/ee.png":["packages/country_icons/icons/flags/png/2.5x/ee.png"],"packages/country_icons/icons/flags/png/2.5x/eg.png":["packages/country_icons/icons/flags/png/2.5x/eg.png"],"packages/country_icons/icons/flags/png/2.5x/eh.png":["packages/country_icons/icons/flags/png/2.5x/eh.png"],"packages/country_icons/icons/flags/png/2.5x/er.png":["packages/country_icons/icons/flags/png/2.5x/er.png"],"packages/country_icons/icons/flags/png/2.5x/es.png":["packages/country_icons/icons/flags/png/2.5x/es.png"],"packages/country_icons/icons/flags/png/2.5x/et.png":["packages/country_icons/icons/flags/png/2.5x/et.png"],"packages/country_icons/icons/flags/png/2.5x/eu.png":["packages/country_icons/icons/flags/png/2.5x/eu.png"],"packages/country_icons/icons/flags/png/2.5x/fi.png":["packages/country_icons/icons/flags/png/2.5x/fi.png"],"packages/country_icons/icons/flags/png/2.5x/fj.png":["packages/country_icons/icons/flags/png/2.5x/fj.png"],"packages/country_icons/icons/flags/png/2.5x/fk.png":["packages/country_icons/icons/flags/png/2.5x/fk.png"],"packages/country_icons/icons/flags/png/2.5x/fm.png":["packages/country_icons/icons/flags/png/2.5x/fm.png"],"packages/country_icons/icons/flags/png/2.5x/fo.png":["packages/country_icons/icons/flags/png/2.5x/fo.png"],"packages/country_icons/icons/flags/png/2.5x/fr.png":["packages/country_icons/icons/flags/png/2.5x/fr.png"],"packages/country_icons/icons/flags/png/2.5x/ga.png":["packages/country_icons/icons/flags/png/2.5x/ga.png"],"packages/country_icons/icons/flags/png/2.5x/gb-eng.png":["packages/country_icons/icons/flags/png/2.5x/gb-eng.png"],"packages/country_icons/icons/flags/png/2.5x/gb-nir.png":["packages/country_icons/icons/flags/png/2.5x/gb-nir.png"],"packages/country_icons/icons/flags/png/2.5x/gb-sct.png":["packages/country_icons/icons/flags/png/2.5x/gb-sct.png"],"packages/country_icons/icons/flags/png/2.5x/gb-wls.png":["packages/country_icons/icons/flags/png/2.5x/gb-wls.png"],"packages/country_icons/icons/flags/png/2.5x/gb.png":["packages/country_icons/icons/flags/png/2.5x/gb.png"],"packages/country_icons/icons/flags/png/2.5x/gd.png":["packages/country_icons/icons/flags/png/2.5x/gd.png"],"packages/country_icons/icons/flags/png/2.5x/ge.png":["packages/country_icons/icons/flags/png/2.5x/ge.png"],"packages/country_icons/icons/flags/png/2.5x/gf.png":["packages/country_icons/icons/flags/png/2.5x/gf.png"],"packages/country_icons/icons/flags/png/2.5x/gg.png":["packages/country_icons/icons/flags/png/2.5x/gg.png"],"packages/country_icons/icons/flags/png/2.5x/gh.png":["packages/country_icons/icons/flags/png/2.5x/gh.png"],"packages/country_icons/icons/flags/png/2.5x/gi.png":["packages/country_icons/icons/flags/png/2.5x/gi.png"],"packages/country_icons/icons/flags/png/2.5x/gl.png":["packages/country_icons/icons/flags/png/2.5x/gl.png"],"packages/country_icons/icons/flags/png/2.5x/gm.png":["packages/country_icons/icons/flags/png/2.5x/gm.png"],"packages/country_icons/icons/flags/png/2.5x/gn.png":["packages/country_icons/icons/flags/png/2.5x/gn.png"],"packages/country_icons/icons/flags/png/2.5x/gp.png":["packages/country_icons/icons/flags/png/2.5x/gp.png"],"packages/country_icons/icons/flags/png/2.5x/gq.png":["packages/country_icons/icons/flags/png/2.5x/gq.png"],"packages/country_icons/icons/flags/png/2.5x/gr.png":["packages/country_icons/icons/flags/png/2.5x/gr.png"],"packages/country_icons/icons/flags/png/2.5x/gs.png":["packages/country_icons/icons/flags/png/2.5x/gs.png"],"packages/country_icons/icons/flags/png/2.5x/gt.png":["packages/country_icons/icons/flags/png/2.5x/gt.png"],"packages/country_icons/icons/flags/png/2.5x/gu.png":["packages/country_icons/icons/flags/png/2.5x/gu.png"],"packages/country_icons/icons/flags/png/2.5x/gw.png":["packages/country_icons/icons/flags/png/2.5x/gw.png"],"packages/country_icons/icons/flags/png/2.5x/gy.png":["packages/country_icons/icons/flags/png/2.5x/gy.png"],"packages/country_icons/icons/flags/png/2.5x/hk.png":["packages/country_icons/icons/flags/png/2.5x/hk.png"],"packages/country_icons/icons/flags/png/2.5x/hm.png":["packages/country_icons/icons/flags/png/2.5x/hm.png"],"packages/country_icons/icons/flags/png/2.5x/hn.png":["packages/country_icons/icons/flags/png/2.5x/hn.png"],"packages/country_icons/icons/flags/png/2.5x/hr.png":["packages/country_icons/icons/flags/png/2.5x/hr.png"],"packages/country_icons/icons/flags/png/2.5x/ht.png":["packages/country_icons/icons/flags/png/2.5x/ht.png"],"packages/country_icons/icons/flags/png/2.5x/hu.png":["packages/country_icons/icons/flags/png/2.5x/hu.png"],"packages/country_icons/icons/flags/png/2.5x/id.png":["packages/country_icons/icons/flags/png/2.5x/id.png"],"packages/country_icons/icons/flags/png/2.5x/ie.png":["packages/country_icons/icons/flags/png/2.5x/ie.png"],"packages/country_icons/icons/flags/png/2.5x/il.png":["packages/country_icons/icons/flags/png/2.5x/il.png"],"packages/country_icons/icons/flags/png/2.5x/im.png":["packages/country_icons/icons/flags/png/2.5x/im.png"],"packages/country_icons/icons/flags/png/2.5x/in.png":["packages/country_icons/icons/flags/png/2.5x/in.png"],"packages/country_icons/icons/flags/png/2.5x/io.png":["packages/country_icons/icons/flags/png/2.5x/io.png"],"packages/country_icons/icons/flags/png/2.5x/iq.png":["packages/country_icons/icons/flags/png/2.5x/iq.png"],"packages/country_icons/icons/flags/png/2.5x/ir.png":["packages/country_icons/icons/flags/png/2.5x/ir.png"],"packages/country_icons/icons/flags/png/2.5x/is.png":["packages/country_icons/icons/flags/png/2.5x/is.png"],"packages/country_icons/icons/flags/png/2.5x/it.png":["packages/country_icons/icons/flags/png/2.5x/it.png"],"packages/country_icons/icons/flags/png/2.5x/je.png":["packages/country_icons/icons/flags/png/2.5x/je.png"],"packages/country_icons/icons/flags/png/2.5x/jm.png":["packages/country_icons/icons/flags/png/2.5x/jm.png"],"packages/country_icons/icons/flags/png/2.5x/jo.png":["packages/country_icons/icons/flags/png/2.5x/jo.png"],"packages/country_icons/icons/flags/png/2.5x/jp.png":["packages/country_icons/icons/flags/png/2.5x/jp.png"],"packages/country_icons/icons/flags/png/2.5x/ke.png":["packages/country_icons/icons/flags/png/2.5x/ke.png"],"packages/country_icons/icons/flags/png/2.5x/kg.png":["packages/country_icons/icons/flags/png/2.5x/kg.png"],"packages/country_icons/icons/flags/png/2.5x/kh.png":["packages/country_icons/icons/flags/png/2.5x/kh.png"],"packages/country_icons/icons/flags/png/2.5x/ki.png":["packages/country_icons/icons/flags/png/2.5x/ki.png"],"packages/country_icons/icons/flags/png/2.5x/km.png":["packages/country_icons/icons/flags/png/2.5x/km.png"],"packages/country_icons/icons/flags/png/2.5x/kn.png":["packages/country_icons/icons/flags/png/2.5x/kn.png"],"packages/country_icons/icons/flags/png/2.5x/kp.png":["packages/country_icons/icons/flags/png/2.5x/kp.png"],"packages/country_icons/icons/flags/png/2.5x/kr.png":["packages/country_icons/icons/flags/png/2.5x/kr.png"],"packages/country_icons/icons/flags/png/2.5x/kw.png":["packages/country_icons/icons/flags/png/2.5x/kw.png"],"packages/country_icons/icons/flags/png/2.5x/ky.png":["packages/country_icons/icons/flags/png/2.5x/ky.png"],"packages/country_icons/icons/flags/png/2.5x/kz.png":["packages/country_icons/icons/flags/png/2.5x/kz.png"],"packages/country_icons/icons/flags/png/2.5x/la.png":["packages/country_icons/icons/flags/png/2.5x/la.png"],"packages/country_icons/icons/flags/png/2.5x/lb.png":["packages/country_icons/icons/flags/png/2.5x/lb.png"],"packages/country_icons/icons/flags/png/2.5x/lc.png":["packages/country_icons/icons/flags/png/2.5x/lc.png"],"packages/country_icons/icons/flags/png/2.5x/li.png":["packages/country_icons/icons/flags/png/2.5x/li.png"],"packages/country_icons/icons/flags/png/2.5x/lk.png":["packages/country_icons/icons/flags/png/2.5x/lk.png"],"packages/country_icons/icons/flags/png/2.5x/lr.png":["packages/country_icons/icons/flags/png/2.5x/lr.png"],"packages/country_icons/icons/flags/png/2.5x/ls.png":["packages/country_icons/icons/flags/png/2.5x/ls.png"],"packages/country_icons/icons/flags/png/2.5x/lt.png":["packages/country_icons/icons/flags/png/2.5x/lt.png"],"packages/country_icons/icons/flags/png/2.5x/lu.png":["packages/country_icons/icons/flags/png/2.5x/lu.png"],"packages/country_icons/icons/flags/png/2.5x/lv.png":["packages/country_icons/icons/flags/png/2.5x/lv.png"],"packages/country_icons/icons/flags/png/2.5x/ly.png":["packages/country_icons/icons/flags/png/2.5x/ly.png"],"packages/country_icons/icons/flags/png/2.5x/ma.png":["packages/country_icons/icons/flags/png/2.5x/ma.png"],"packages/country_icons/icons/flags/png/2.5x/mc.png":["packages/country_icons/icons/flags/png/2.5x/mc.png"],"packages/country_icons/icons/flags/png/2.5x/md.png":["packages/country_icons/icons/flags/png/2.5x/md.png"],"packages/country_icons/icons/flags/png/2.5x/me.png":["packages/country_icons/icons/flags/png/2.5x/me.png"],"packages/country_icons/icons/flags/png/2.5x/mf.png":["packages/country_icons/icons/flags/png/2.5x/mf.png"],"packages/country_icons/icons/flags/png/2.5x/mg.png":["packages/country_icons/icons/flags/png/2.5x/mg.png"],"packages/country_icons/icons/flags/png/2.5x/mh.png":["packages/country_icons/icons/flags/png/2.5x/mh.png"],"packages/country_icons/icons/flags/png/2.5x/mk.png":["packages/country_icons/icons/flags/png/2.5x/mk.png"],"packages/country_icons/icons/flags/png/2.5x/ml.png":["packages/country_icons/icons/flags/png/2.5x/ml.png"],"packages/country_icons/icons/flags/png/2.5x/mm.png":["packages/country_icons/icons/flags/png/2.5x/mm.png"],"packages/country_icons/icons/flags/png/2.5x/mn.png":["packages/country_icons/icons/flags/png/2.5x/mn.png"],"packages/country_icons/icons/flags/png/2.5x/mo.png":["packages/country_icons/icons/flags/png/2.5x/mo.png"],"packages/country_icons/icons/flags/png/2.5x/mp.png":["packages/country_icons/icons/flags/png/2.5x/mp.png"],"packages/country_icons/icons/flags/png/2.5x/mq.png":["packages/country_icons/icons/flags/png/2.5x/mq.png"],"packages/country_icons/icons/flags/png/2.5x/mr.png":["packages/country_icons/icons/flags/png/2.5x/mr.png"],"packages/country_icons/icons/flags/png/2.5x/ms.png":["packages/country_icons/icons/flags/png/2.5x/ms.png"],"packages/country_icons/icons/flags/png/2.5x/mt.png":["packages/country_icons/icons/flags/png/2.5x/mt.png"],"packages/country_icons/icons/flags/png/2.5x/mu.png":["packages/country_icons/icons/flags/png/2.5x/mu.png"],"packages/country_icons/icons/flags/png/2.5x/mv.png":["packages/country_icons/icons/flags/png/2.5x/mv.png"],"packages/country_icons/icons/flags/png/2.5x/mw.png":["packages/country_icons/icons/flags/png/2.5x/mw.png"],"packages/country_icons/icons/flags/png/2.5x/mx.png":["packages/country_icons/icons/flags/png/2.5x/mx.png"],"packages/country_icons/icons/flags/png/2.5x/my.png":["packages/country_icons/icons/flags/png/2.5x/my.png"],"packages/country_icons/icons/flags/png/2.5x/mz.png":["packages/country_icons/icons/flags/png/2.5x/mz.png"],"packages/country_icons/icons/flags/png/2.5x/na.png":["packages/country_icons/icons/flags/png/2.5x/na.png"],"packages/country_icons/icons/flags/png/2.5x/nc.png":["packages/country_icons/icons/flags/png/2.5x/nc.png"],"packages/country_icons/icons/flags/png/2.5x/ne.png":["packages/country_icons/icons/flags/png/2.5x/ne.png"],"packages/country_icons/icons/flags/png/2.5x/nf.png":["packages/country_icons/icons/flags/png/2.5x/nf.png"],"packages/country_icons/icons/flags/png/2.5x/ng.png":["packages/country_icons/icons/flags/png/2.5x/ng.png"],"packages/country_icons/icons/flags/png/2.5x/ni.png":["packages/country_icons/icons/flags/png/2.5x/ni.png"],"packages/country_icons/icons/flags/png/2.5x/nl.png":["packages/country_icons/icons/flags/png/2.5x/nl.png"],"packages/country_icons/icons/flags/png/2.5x/no.png":["packages/country_icons/icons/flags/png/2.5x/no.png"],"packages/country_icons/icons/flags/png/2.5x/np.png":["packages/country_icons/icons/flags/png/2.5x/np.png"],"packages/country_icons/icons/flags/png/2.5x/nr.png":["packages/country_icons/icons/flags/png/2.5x/nr.png"],"packages/country_icons/icons/flags/png/2.5x/nu.png":["packages/country_icons/icons/flags/png/2.5x/nu.png"],"packages/country_icons/icons/flags/png/2.5x/nz.png":["packages/country_icons/icons/flags/png/2.5x/nz.png"],"packages/country_icons/icons/flags/png/2.5x/om.png":["packages/country_icons/icons/flags/png/2.5x/om.png"],"packages/country_icons/icons/flags/png/2.5x/pa.png":["packages/country_icons/icons/flags/png/2.5x/pa.png"],"packages/country_icons/icons/flags/png/2.5x/pe.png":["packages/country_icons/icons/flags/png/2.5x/pe.png"],"packages/country_icons/icons/flags/png/2.5x/pf.png":["packages/country_icons/icons/flags/png/2.5x/pf.png"],"packages/country_icons/icons/flags/png/2.5x/pg.png":["packages/country_icons/icons/flags/png/2.5x/pg.png"],"packages/country_icons/icons/flags/png/2.5x/ph.png":["packages/country_icons/icons/flags/png/2.5x/ph.png"],"packages/country_icons/icons/flags/png/2.5x/pk.png":["packages/country_icons/icons/flags/png/2.5x/pk.png"],"packages/country_icons/icons/flags/png/2.5x/pl.png":["packages/country_icons/icons/flags/png/2.5x/pl.png"],"packages/country_icons/icons/flags/png/2.5x/pm.png":["packages/country_icons/icons/flags/png/2.5x/pm.png"],"packages/country_icons/icons/flags/png/2.5x/pn.png":["packages/country_icons/icons/flags/png/2.5x/pn.png"],"packages/country_icons/icons/flags/png/2.5x/pr.png":["packages/country_icons/icons/flags/png/2.5x/pr.png"],"packages/country_icons/icons/flags/png/2.5x/ps.png":["packages/country_icons/icons/flags/png/2.5x/ps.png"],"packages/country_icons/icons/flags/png/2.5x/pt.png":["packages/country_icons/icons/flags/png/2.5x/pt.png"],"packages/country_icons/icons/flags/png/2.5x/pw.png":["packages/country_icons/icons/flags/png/2.5x/pw.png"],"packages/country_icons/icons/flags/png/2.5x/py.png":["packages/country_icons/icons/flags/png/2.5x/py.png"],"packages/country_icons/icons/flags/png/2.5x/qa.png":["packages/country_icons/icons/flags/png/2.5x/qa.png"],"packages/country_icons/icons/flags/png/2.5x/re.png":["packages/country_icons/icons/flags/png/2.5x/re.png"],"packages/country_icons/icons/flags/png/2.5x/ro.png":["packages/country_icons/icons/flags/png/2.5x/ro.png"],"packages/country_icons/icons/flags/png/2.5x/rs.png":["packages/country_icons/icons/flags/png/2.5x/rs.png"],"packages/country_icons/icons/flags/png/2.5x/ru.png":["packages/country_icons/icons/flags/png/2.5x/ru.png"],"packages/country_icons/icons/flags/png/2.5x/rw.png":["packages/country_icons/icons/flags/png/2.5x/rw.png"],"packages/country_icons/icons/flags/png/2.5x/sa.png":["packages/country_icons/icons/flags/png/2.5x/sa.png"],"packages/country_icons/icons/flags/png/2.5x/sb.png":["packages/country_icons/icons/flags/png/2.5x/sb.png"],"packages/country_icons/icons/flags/png/2.5x/sc.png":["packages/country_icons/icons/flags/png/2.5x/sc.png"],"packages/country_icons/icons/flags/png/2.5x/sd.png":["packages/country_icons/icons/flags/png/2.5x/sd.png"],"packages/country_icons/icons/flags/png/2.5x/se.png":["packages/country_icons/icons/flags/png/2.5x/se.png"],"packages/country_icons/icons/flags/png/2.5x/sg.png":["packages/country_icons/icons/flags/png/2.5x/sg.png"],"packages/country_icons/icons/flags/png/2.5x/sh.png":["packages/country_icons/icons/flags/png/2.5x/sh.png"],"packages/country_icons/icons/flags/png/2.5x/si.png":["packages/country_icons/icons/flags/png/2.5x/si.png"],"packages/country_icons/icons/flags/png/2.5x/sj.png":["packages/country_icons/icons/flags/png/2.5x/sj.png"],"packages/country_icons/icons/flags/png/2.5x/sk.png":["packages/country_icons/icons/flags/png/2.5x/sk.png"],"packages/country_icons/icons/flags/png/2.5x/sl.png":["packages/country_icons/icons/flags/png/2.5x/sl.png"],"packages/country_icons/icons/flags/png/2.5x/sm.png":["packages/country_icons/icons/flags/png/2.5x/sm.png"],"packages/country_icons/icons/flags/png/2.5x/sn.png":["packages/country_icons/icons/flags/png/2.5x/sn.png"],"packages/country_icons/icons/flags/png/2.5x/so.png":["packages/country_icons/icons/flags/png/2.5x/so.png"],"packages/country_icons/icons/flags/png/2.5x/sr.png":["packages/country_icons/icons/flags/png/2.5x/sr.png"],"packages/country_icons/icons/flags/png/2.5x/ss.png":["packages/country_icons/icons/flags/png/2.5x/ss.png"],"packages/country_icons/icons/flags/png/2.5x/st.png":["packages/country_icons/icons/flags/png/2.5x/st.png"],"packages/country_icons/icons/flags/png/2.5x/sv.png":["packages/country_icons/icons/flags/png/2.5x/sv.png"],"packages/country_icons/icons/flags/png/2.5x/sx.png":["packages/country_icons/icons/flags/png/2.5x/sx.png"],"packages/country_icons/icons/flags/png/2.5x/sy.png":["packages/country_icons/icons/flags/png/2.5x/sy.png"],"packages/country_icons/icons/flags/png/2.5x/sz.png":["packages/country_icons/icons/flags/png/2.5x/sz.png"],"packages/country_icons/icons/flags/png/2.5x/tc.png":["packages/country_icons/icons/flags/png/2.5x/tc.png"],"packages/country_icons/icons/flags/png/2.5x/td.png":["packages/country_icons/icons/flags/png/2.5x/td.png"],"packages/country_icons/icons/flags/png/2.5x/tf.png":["packages/country_icons/icons/flags/png/2.5x/tf.png"],"packages/country_icons/icons/flags/png/2.5x/tg.png":["packages/country_icons/icons/flags/png/2.5x/tg.png"],"packages/country_icons/icons/flags/png/2.5x/th.png":["packages/country_icons/icons/flags/png/2.5x/th.png"],"packages/country_icons/icons/flags/png/2.5x/tj.png":["packages/country_icons/icons/flags/png/2.5x/tj.png"],"packages/country_icons/icons/flags/png/2.5x/tk.png":["packages/country_icons/icons/flags/png/2.5x/tk.png"],"packages/country_icons/icons/flags/png/2.5x/tl.png":["packages/country_icons/icons/flags/png/2.5x/tl.png"],"packages/country_icons/icons/flags/png/2.5x/tm.png":["packages/country_icons/icons/flags/png/2.5x/tm.png"],"packages/country_icons/icons/flags/png/2.5x/tn.png":["packages/country_icons/icons/flags/png/2.5x/tn.png"],"packages/country_icons/icons/flags/png/2.5x/to.png":["packages/country_icons/icons/flags/png/2.5x/to.png"],"packages/country_icons/icons/flags/png/2.5x/tr.png":["packages/country_icons/icons/flags/png/2.5x/tr.png"],"packages/country_icons/icons/flags/png/2.5x/tt.png":["packages/country_icons/icons/flags/png/2.5x/tt.png"],"packages/country_icons/icons/flags/png/2.5x/tv.png":["packages/country_icons/icons/flags/png/2.5x/tv.png"],"packages/country_icons/icons/flags/png/2.5x/tw.png":["packages/country_icons/icons/flags/png/2.5x/tw.png"],"packages/country_icons/icons/flags/png/2.5x/tz.png":["packages/country_icons/icons/flags/png/2.5x/tz.png"],"packages/country_icons/icons/flags/png/2.5x/ua.png":["packages/country_icons/icons/flags/png/2.5x/ua.png"],"packages/country_icons/icons/flags/png/2.5x/ug.png":["packages/country_icons/icons/flags/png/2.5x/ug.png"],"packages/country_icons/icons/flags/png/2.5x/um.png":["packages/country_icons/icons/flags/png/2.5x/um.png"],"packages/country_icons/icons/flags/png/2.5x/us.png":["packages/country_icons/icons/flags/png/2.5x/us.png"],"packages/country_icons/icons/flags/png/2.5x/uy.png":["packages/country_icons/icons/flags/png/2.5x/uy.png"],"packages/country_icons/icons/flags/png/2.5x/uz.png":["packages/country_icons/icons/flags/png/2.5x/uz.png"],"packages/country_icons/icons/flags/png/2.5x/va.png":["packages/country_icons/icons/flags/png/2.5x/va.png"],"packages/country_icons/icons/flags/png/2.5x/vc.png":["packages/country_icons/icons/flags/png/2.5x/vc.png"],"packages/country_icons/icons/flags/png/2.5x/ve.png":["packages/country_icons/icons/flags/png/2.5x/ve.png"],"packages/country_icons/icons/flags/png/2.5x/vg.png":["packages/country_icons/icons/flags/png/2.5x/vg.png"],"packages/country_icons/icons/flags/png/2.5x/vi.png":["packages/country_icons/icons/flags/png/2.5x/vi.png"],"packages/country_icons/icons/flags/png/2.5x/vn.png":["packages/country_icons/icons/flags/png/2.5x/vn.png"],"packages/country_icons/icons/flags/png/2.5x/vu.png":["packages/country_icons/icons/flags/png/2.5x/vu.png"],"packages/country_icons/icons/flags/png/2.5x/wf.png":["packages/country_icons/icons/flags/png/2.5x/wf.png"],"packages/country_icons/icons/flags/png/2.5x/ws.png":["packages/country_icons/icons/flags/png/2.5x/ws.png"],"packages/country_icons/icons/flags/png/2.5x/xk.png":["packages/country_icons/icons/flags/png/2.5x/xk.png"],"packages/country_icons/icons/flags/png/2.5x/ye.png":["packages/country_icons/icons/flags/png/2.5x/ye.png"],"packages/country_icons/icons/flags/png/2.5x/yt.png":["packages/country_icons/icons/flags/png/2.5x/yt.png"],"packages/country_icons/icons/flags/png/2.5x/za.png":["packages/country_icons/icons/flags/png/2.5x/za.png"],"packages/country_icons/icons/flags/png/2.5x/zm.png":["packages/country_icons/icons/flags/png/2.5x/zm.png"],"packages/country_icons/icons/flags/png/2.5x/zw.png":["packages/country_icons/icons/flags/png/2.5x/zw.png"],"packages/country_icons/icons/flags/png/ad.png":["packages/country_icons/icons/flags/png/ad.png","packages/country_icons/icons/flags/png/2.5x/ad.png"],"packages/country_icons/icons/flags/png/ae.png":["packages/country_icons/icons/flags/png/ae.png","packages/country_icons/icons/flags/png/2.5x/ae.png"],"packages/country_icons/icons/flags/png/af.png":["packages/country_icons/icons/flags/png/af.png","packages/country_icons/icons/flags/png/2.5x/af.png"],"packages/country_icons/icons/flags/png/ag.png":["packages/country_icons/icons/flags/png/ag.png","packages/country_icons/icons/flags/png/2.5x/ag.png"],"packages/country_icons/icons/flags/png/ai.png":["packages/country_icons/icons/flags/png/ai.png","packages/country_icons/icons/flags/png/2.5x/ai.png"],"packages/country_icons/icons/flags/png/al.png":["packages/country_icons/icons/flags/png/al.png","packages/country_icons/icons/flags/png/2.5x/al.png"],"packages/country_icons/icons/flags/png/am.png":["packages/country_icons/icons/flags/png/am.png","packages/country_icons/icons/flags/png/2.5x/am.png"],"packages/country_icons/icons/flags/png/ao.png":["packages/country_icons/icons/flags/png/ao.png","packages/country_icons/icons/flags/png/2.5x/ao.png"],"packages/country_icons/icons/flags/png/aq.png":["packages/country_icons/icons/flags/png/aq.png","packages/country_icons/icons/flags/png/2.5x/aq.png"],"packages/country_icons/icons/flags/png/ar.png":["packages/country_icons/icons/flags/png/ar.png","packages/country_icons/icons/flags/png/2.5x/ar.png"],"packages/country_icons/icons/flags/png/as.png":["packages/country_icons/icons/flags/png/as.png","packages/country_icons/icons/flags/png/2.5x/as.png"],"packages/country_icons/icons/flags/png/at.png":["packages/country_icons/icons/flags/png/at.png","packages/country_icons/icons/flags/png/2.5x/at.png"],"packages/country_icons/icons/flags/png/au.png":["packages/country_icons/icons/flags/png/au.png","packages/country_icons/icons/flags/png/2.5x/au.png"],"packages/country_icons/icons/flags/png/aw.png":["packages/country_icons/icons/flags/png/aw.png","packages/country_icons/icons/flags/png/2.5x/aw.png"],"packages/country_icons/icons/flags/png/ax.png":["packages/country_icons/icons/flags/png/ax.png","packages/country_icons/icons/flags/png/2.5x/ax.png"],"packages/country_icons/icons/flags/png/az.png":["packages/country_icons/icons/flags/png/az.png","packages/country_icons/icons/flags/png/2.5x/az.png"],"packages/country_icons/icons/flags/png/ba.png":["packages/country_icons/icons/flags/png/ba.png","packages/country_icons/icons/flags/png/2.5x/ba.png"],"packages/country_icons/icons/flags/png/bb.png":["packages/country_icons/icons/flags/png/bb.png","packages/country_icons/icons/flags/png/2.5x/bb.png"],"packages/country_icons/icons/flags/png/bd.png":["packages/country_icons/icons/flags/png/bd.png","packages/country_icons/icons/flags/png/2.5x/bd.png"],"packages/country_icons/icons/flags/png/be.png":["packages/country_icons/icons/flags/png/be.png","packages/country_icons/icons/flags/png/2.5x/be.png"],"packages/country_icons/icons/flags/png/bf.png":["packages/country_icons/icons/flags/png/bf.png","packages/country_icons/icons/flags/png/2.5x/bf.png"],"packages/country_icons/icons/flags/png/bg.png":["packages/country_icons/icons/flags/png/bg.png","packages/country_icons/icons/flags/png/2.5x/bg.png"],"packages/country_icons/icons/flags/png/bh.png":["packages/country_icons/icons/flags/png/bh.png","packages/country_icons/icons/flags/png/2.5x/bh.png"],"packages/country_icons/icons/flags/png/bi.png":["packages/country_icons/icons/flags/png/bi.png","packages/country_icons/icons/flags/png/2.5x/bi.png"],"packages/country_icons/icons/flags/png/bj.png":["packages/country_icons/icons/flags/png/bj.png","packages/country_icons/icons/flags/png/2.5x/bj.png"],"packages/country_icons/icons/flags/png/bl.png":["packages/country_icons/icons/flags/png/bl.png","packages/country_icons/icons/flags/png/2.5x/bl.png"],"packages/country_icons/icons/flags/png/bm.png":["packages/country_icons/icons/flags/png/bm.png","packages/country_icons/icons/flags/png/2.5x/bm.png"],"packages/country_icons/icons/flags/png/bn.png":["packages/country_icons/icons/flags/png/bn.png","packages/country_icons/icons/flags/png/2.5x/bn.png"],"packages/country_icons/icons/flags/png/bo.png":["packages/country_icons/icons/flags/png/bo.png","packages/country_icons/icons/flags/png/2.5x/bo.png"],"packages/country_icons/icons/flags/png/bq.png":["packages/country_icons/icons/flags/png/bq.png","packages/country_icons/icons/flags/png/2.5x/bq.png"],"packages/country_icons/icons/flags/png/br.png":["packages/country_icons/icons/flags/png/br.png","packages/country_icons/icons/flags/png/2.5x/br.png"],"packages/country_icons/icons/flags/png/bs.png":["packages/country_icons/icons/flags/png/bs.png","packages/country_icons/icons/flags/png/2.5x/bs.png"],"packages/country_icons/icons/flags/png/bt.png":["packages/country_icons/icons/flags/png/bt.png","packages/country_icons/icons/flags/png/2.5x/bt.png"],"packages/country_icons/icons/flags/png/bv.png":["packages/country_icons/icons/flags/png/bv.png","packages/country_icons/icons/flags/png/2.5x/bv.png"],"packages/country_icons/icons/flags/png/bw.png":["packages/country_icons/icons/flags/png/bw.png","packages/country_icons/icons/flags/png/2.5x/bw.png"],"packages/country_icons/icons/flags/png/by.png":["packages/country_icons/icons/flags/png/by.png","packages/country_icons/icons/flags/png/2.5x/by.png"],"packages/country_icons/icons/flags/png/bz.png":["packages/country_icons/icons/flags/png/bz.png","packages/country_icons/icons/flags/png/2.5x/bz.png"],"packages/country_icons/icons/flags/png/ca.png":["packages/country_icons/icons/flags/png/ca.png","packages/country_icons/icons/flags/png/2.5x/ca.png"],"packages/country_icons/icons/flags/png/cc.png":["packages/country_icons/icons/flags/png/cc.png","packages/country_icons/icons/flags/png/2.5x/cc.png"],"packages/country_icons/icons/flags/png/cd.png":["packages/country_icons/icons/flags/png/cd.png","packages/country_icons/icons/flags/png/2.5x/cd.png"],"packages/country_icons/icons/flags/png/cf.png":["packages/country_icons/icons/flags/png/cf.png","packages/country_icons/icons/flags/png/2.5x/cf.png"],"packages/country_icons/icons/flags/png/cg.png":["packages/country_icons/icons/flags/png/cg.png","packages/country_icons/icons/flags/png/2.5x/cg.png"],"packages/country_icons/icons/flags/png/ch.png":["packages/country_icons/icons/flags/png/ch.png","packages/country_icons/icons/flags/png/2.5x/ch.png"],"packages/country_icons/icons/flags/png/ci.png":["packages/country_icons/icons/flags/png/ci.png","packages/country_icons/icons/flags/png/2.5x/ci.png"],"packages/country_icons/icons/flags/png/ck.png":["packages/country_icons/icons/flags/png/ck.png","packages/country_icons/icons/flags/png/2.5x/ck.png"],"packages/country_icons/icons/flags/png/cl.png":["packages/country_icons/icons/flags/png/cl.png","packages/country_icons/icons/flags/png/2.5x/cl.png"],"packages/country_icons/icons/flags/png/cm.png":["packages/country_icons/icons/flags/png/cm.png","packages/country_icons/icons/flags/png/2.5x/cm.png"],"packages/country_icons/icons/flags/png/cn.png":["packages/country_icons/icons/flags/png/cn.png","packages/country_icons/icons/flags/png/2.5x/cn.png"],"packages/country_icons/icons/flags/png/co.png":["packages/country_icons/icons/flags/png/co.png","packages/country_icons/icons/flags/png/2.5x/co.png"],"packages/country_icons/icons/flags/png/cr.png":["packages/country_icons/icons/flags/png/cr.png","packages/country_icons/icons/flags/png/2.5x/cr.png"],"packages/country_icons/icons/flags/png/cu.png":["packages/country_icons/icons/flags/png/cu.png","packages/country_icons/icons/flags/png/2.5x/cu.png"],"packages/country_icons/icons/flags/png/cv.png":["packages/country_icons/icons/flags/png/cv.png","packages/country_icons/icons/flags/png/2.5x/cv.png"],"packages/country_icons/icons/flags/png/cw.png":["packages/country_icons/icons/flags/png/cw.png","packages/country_icons/icons/flags/png/2.5x/cw.png"],"packages/country_icons/icons/flags/png/cx.png":["packages/country_icons/icons/flags/png/cx.png","packages/country_icons/icons/flags/png/2.5x/cx.png"],"packages/country_icons/icons/flags/png/cy.png":["packages/country_icons/icons/flags/png/cy.png","packages/country_icons/icons/flags/png/2.5x/cy.png"],"packages/country_icons/icons/flags/png/cz.png":["packages/country_icons/icons/flags/png/cz.png","packages/country_icons/icons/flags/png/2.5x/cz.png"],"packages/country_icons/icons/flags/png/de.png":["packages/country_icons/icons/flags/png/de.png","packages/country_icons/icons/flags/png/2.5x/de.png"],"packages/country_icons/icons/flags/png/dj.png":["packages/country_icons/icons/flags/png/dj.png","packages/country_icons/icons/flags/png/2.5x/dj.png"],"packages/country_icons/icons/flags/png/dk.png":["packages/country_icons/icons/flags/png/dk.png","packages/country_icons/icons/flags/png/2.5x/dk.png"],"packages/country_icons/icons/flags/png/dm.png":["packages/country_icons/icons/flags/png/dm.png","packages/country_icons/icons/flags/png/2.5x/dm.png"],"packages/country_icons/icons/flags/png/do.png":["packages/country_icons/icons/flags/png/do.png","packages/country_icons/icons/flags/png/2.5x/do.png"],"packages/country_icons/icons/flags/png/dz.png":["packages/country_icons/icons/flags/png/dz.png","packages/country_icons/icons/flags/png/2.5x/dz.png"],"packages/country_icons/icons/flags/png/ec.png":["packages/country_icons/icons/flags/png/ec.png","packages/country_icons/icons/flags/png/2.5x/ec.png"],"packages/country_icons/icons/flags/png/ee.png":["packages/country_icons/icons/flags/png/ee.png","packages/country_icons/icons/flags/png/2.5x/ee.png"],"packages/country_icons/icons/flags/png/eg.png":["packages/country_icons/icons/flags/png/eg.png","packages/country_icons/icons/flags/png/2.5x/eg.png"],"packages/country_icons/icons/flags/png/eh.png":["packages/country_icons/icons/flags/png/eh.png","packages/country_icons/icons/flags/png/2.5x/eh.png"],"packages/country_icons/icons/flags/png/er.png":["packages/country_icons/icons/flags/png/er.png","packages/country_icons/icons/flags/png/2.5x/er.png"],"packages/country_icons/icons/flags/png/es.png":["packages/country_icons/icons/flags/png/es.png","packages/country_icons/icons/flags/png/2.5x/es.png"],"packages/country_icons/icons/flags/png/et.png":["packages/country_icons/icons/flags/png/et.png","packages/country_icons/icons/flags/png/2.5x/et.png"],"packages/country_icons/icons/flags/png/eu.png":["packages/country_icons/icons/flags/png/eu.png","packages/country_icons/icons/flags/png/2.5x/eu.png"],"packages/country_icons/icons/flags/png/fi.png":["packages/country_icons/icons/flags/png/fi.png","packages/country_icons/icons/flags/png/2.5x/fi.png"],"packages/country_icons/icons/flags/png/fj.png":["packages/country_icons/icons/flags/png/fj.png","packages/country_icons/icons/flags/png/2.5x/fj.png"],"packages/country_icons/icons/flags/png/fk.png":["packages/country_icons/icons/flags/png/fk.png","packages/country_icons/icons/flags/png/2.5x/fk.png"],"packages/country_icons/icons/flags/png/fm.png":["packages/country_icons/icons/flags/png/fm.png","packages/country_icons/icons/flags/png/2.5x/fm.png"],"packages/country_icons/icons/flags/png/fo.png":["packages/country_icons/icons/flags/png/fo.png","packages/country_icons/icons/flags/png/2.5x/fo.png"],"packages/country_icons/icons/flags/png/fr.png":["packages/country_icons/icons/flags/png/fr.png","packages/country_icons/icons/flags/png/2.5x/fr.png"],"packages/country_icons/icons/flags/png/ga.png":["packages/country_icons/icons/flags/png/ga.png","packages/country_icons/icons/flags/png/2.5x/ga.png"],"packages/country_icons/icons/flags/png/gb-eng.png":["packages/country_icons/icons/flags/png/gb-eng.png","packages/country_icons/icons/flags/png/2.5x/gb-eng.png"],"packages/country_icons/icons/flags/png/gb-nir.png":["packages/country_icons/icons/flags/png/gb-nir.png","packages/country_icons/icons/flags/png/2.5x/gb-nir.png"],"packages/country_icons/icons/flags/png/gb-sct.png":["packages/country_icons/icons/flags/png/gb-sct.png","packages/country_icons/icons/flags/png/2.5x/gb-sct.png"],"packages/country_icons/icons/flags/png/gb-wls.png":["packages/country_icons/icons/flags/png/gb-wls.png","packages/country_icons/icons/flags/png/2.5x/gb-wls.png"],"packages/country_icons/icons/flags/png/gb.png":["packages/country_icons/icons/flags/png/gb.png","packages/country_icons/icons/flags/png/2.5x/gb.png"],"packages/country_icons/icons/flags/png/gd.png":["packages/country_icons/icons/flags/png/gd.png","packages/country_icons/icons/flags/png/2.5x/gd.png"],"packages/country_icons/icons/flags/png/ge.png":["packages/country_icons/icons/flags/png/ge.png","packages/country_icons/icons/flags/png/2.5x/ge.png"],"packages/country_icons/icons/flags/png/gf.png":["packages/country_icons/icons/flags/png/gf.png","packages/country_icons/icons/flags/png/2.5x/gf.png"],"packages/country_icons/icons/flags/png/gg.png":["packages/country_icons/icons/flags/png/gg.png","packages/country_icons/icons/flags/png/2.5x/gg.png"],"packages/country_icons/icons/flags/png/gh.png":["packages/country_icons/icons/flags/png/gh.png","packages/country_icons/icons/flags/png/2.5x/gh.png"],"packages/country_icons/icons/flags/png/gi.png":["packages/country_icons/icons/flags/png/gi.png","packages/country_icons/icons/flags/png/2.5x/gi.png"],"packages/country_icons/icons/flags/png/gl.png":["packages/country_icons/icons/flags/png/gl.png","packages/country_icons/icons/flags/png/2.5x/gl.png"],"packages/country_icons/icons/flags/png/gm.png":["packages/country_icons/icons/flags/png/gm.png","packages/country_icons/icons/flags/png/2.5x/gm.png"],"packages/country_icons/icons/flags/png/gn.png":["packages/country_icons/icons/flags/png/gn.png","packages/country_icons/icons/flags/png/2.5x/gn.png"],"packages/country_icons/icons/flags/png/gp.png":["packages/country_icons/icons/flags/png/gp.png","packages/country_icons/icons/flags/png/2.5x/gp.png"],"packages/country_icons/icons/flags/png/gq.png":["packages/country_icons/icons/flags/png/gq.png","packages/country_icons/icons/flags/png/2.5x/gq.png"],"packages/country_icons/icons/flags/png/gr.png":["packages/country_icons/icons/flags/png/gr.png","packages/country_icons/icons/flags/png/2.5x/gr.png"],"packages/country_icons/icons/flags/png/gs.png":["packages/country_icons/icons/flags/png/gs.png","packages/country_icons/icons/flags/png/2.5x/gs.png"],"packages/country_icons/icons/flags/png/gt.png":["packages/country_icons/icons/flags/png/gt.png","packages/country_icons/icons/flags/png/2.5x/gt.png"],"packages/country_icons/icons/flags/png/gu.png":["packages/country_icons/icons/flags/png/gu.png","packages/country_icons/icons/flags/png/2.5x/gu.png"],"packages/country_icons/icons/flags/png/gw.png":["packages/country_icons/icons/flags/png/gw.png","packages/country_icons/icons/flags/png/2.5x/gw.png"],"packages/country_icons/icons/flags/png/gy.png":["packages/country_icons/icons/flags/png/gy.png","packages/country_icons/icons/flags/png/2.5x/gy.png"],"packages/country_icons/icons/flags/png/hk.png":["packages/country_icons/icons/flags/png/hk.png","packages/country_icons/icons/flags/png/2.5x/hk.png"],"packages/country_icons/icons/flags/png/hm.png":["packages/country_icons/icons/flags/png/hm.png","packages/country_icons/icons/flags/png/2.5x/hm.png"],"packages/country_icons/icons/flags/png/hn.png":["packages/country_icons/icons/flags/png/hn.png","packages/country_icons/icons/flags/png/2.5x/hn.png"],"packages/country_icons/icons/flags/png/hr.png":["packages/country_icons/icons/flags/png/hr.png","packages/country_icons/icons/flags/png/2.5x/hr.png"],"packages/country_icons/icons/flags/png/ht.png":["packages/country_icons/icons/flags/png/ht.png","packages/country_icons/icons/flags/png/2.5x/ht.png"],"packages/country_icons/icons/flags/png/hu.png":["packages/country_icons/icons/flags/png/hu.png","packages/country_icons/icons/flags/png/2.5x/hu.png"],"packages/country_icons/icons/flags/png/id.png":["packages/country_icons/icons/flags/png/id.png","packages/country_icons/icons/flags/png/2.5x/id.png"],"packages/country_icons/icons/flags/png/ie.png":["packages/country_icons/icons/flags/png/ie.png","packages/country_icons/icons/flags/png/2.5x/ie.png"],"packages/country_icons/icons/flags/png/il.png":["packages/country_icons/icons/flags/png/il.png","packages/country_icons/icons/flags/png/2.5x/il.png"],"packages/country_icons/icons/flags/png/im.png":["packages/country_icons/icons/flags/png/im.png","packages/country_icons/icons/flags/png/2.5x/im.png"],"packages/country_icons/icons/flags/png/in.png":["packages/country_icons/icons/flags/png/in.png","packages/country_icons/icons/flags/png/2.5x/in.png"],"packages/country_icons/icons/flags/png/io.png":["packages/country_icons/icons/flags/png/io.png","packages/country_icons/icons/flags/png/2.5x/io.png"],"packages/country_icons/icons/flags/png/iq.png":["packages/country_icons/icons/flags/png/iq.png","packages/country_icons/icons/flags/png/2.5x/iq.png"],"packages/country_icons/icons/flags/png/ir.png":["packages/country_icons/icons/flags/png/ir.png","packages/country_icons/icons/flags/png/2.5x/ir.png"],"packages/country_icons/icons/flags/png/is.png":["packages/country_icons/icons/flags/png/is.png","packages/country_icons/icons/flags/png/2.5x/is.png"],"packages/country_icons/icons/flags/png/it.png":["packages/country_icons/icons/flags/png/it.png","packages/country_icons/icons/flags/png/2.5x/it.png"],"packages/country_icons/icons/flags/png/je.png":["packages/country_icons/icons/flags/png/je.png","packages/country_icons/icons/flags/png/2.5x/je.png"],"packages/country_icons/icons/flags/png/jm.png":["packages/country_icons/icons/flags/png/jm.png","packages/country_icons/icons/flags/png/2.5x/jm.png"],"packages/country_icons/icons/flags/png/jo.png":["packages/country_icons/icons/flags/png/jo.png","packages/country_icons/icons/flags/png/2.5x/jo.png"],"packages/country_icons/icons/flags/png/jp.png":["packages/country_icons/icons/flags/png/jp.png","packages/country_icons/icons/flags/png/2.5x/jp.png"],"packages/country_icons/icons/flags/png/ke.png":["packages/country_icons/icons/flags/png/ke.png","packages/country_icons/icons/flags/png/2.5x/ke.png"],"packages/country_icons/icons/flags/png/kg.png":["packages/country_icons/icons/flags/png/kg.png","packages/country_icons/icons/flags/png/2.5x/kg.png"],"packages/country_icons/icons/flags/png/kh.png":["packages/country_icons/icons/flags/png/kh.png","packages/country_icons/icons/flags/png/2.5x/kh.png"],"packages/country_icons/icons/flags/png/ki.png":["packages/country_icons/icons/flags/png/ki.png","packages/country_icons/icons/flags/png/2.5x/ki.png"],"packages/country_icons/icons/flags/png/km.png":["packages/country_icons/icons/flags/png/km.png","packages/country_icons/icons/flags/png/2.5x/km.png"],"packages/country_icons/icons/flags/png/kn.png":["packages/country_icons/icons/flags/png/kn.png","packages/country_icons/icons/flags/png/2.5x/kn.png"],"packages/country_icons/icons/flags/png/kp.png":["packages/country_icons/icons/flags/png/kp.png","packages/country_icons/icons/flags/png/2.5x/kp.png"],"packages/country_icons/icons/flags/png/kr.png":["packages/country_icons/icons/flags/png/kr.png","packages/country_icons/icons/flags/png/2.5x/kr.png"],"packages/country_icons/icons/flags/png/kw.png":["packages/country_icons/icons/flags/png/kw.png","packages/country_icons/icons/flags/png/2.5x/kw.png"],"packages/country_icons/icons/flags/png/ky.png":["packages/country_icons/icons/flags/png/ky.png","packages/country_icons/icons/flags/png/2.5x/ky.png"],"packages/country_icons/icons/flags/png/kz.png":["packages/country_icons/icons/flags/png/kz.png","packages/country_icons/icons/flags/png/2.5x/kz.png"],"packages/country_icons/icons/flags/png/la.png":["packages/country_icons/icons/flags/png/la.png","packages/country_icons/icons/flags/png/2.5x/la.png"],"packages/country_icons/icons/flags/png/lb.png":["packages/country_icons/icons/flags/png/lb.png","packages/country_icons/icons/flags/png/2.5x/lb.png"],"packages/country_icons/icons/flags/png/lc.png":["packages/country_icons/icons/flags/png/lc.png","packages/country_icons/icons/flags/png/2.5x/lc.png"],"packages/country_icons/icons/flags/png/li.png":["packages/country_icons/icons/flags/png/li.png","packages/country_icons/icons/flags/png/2.5x/li.png"],"packages/country_icons/icons/flags/png/lk.png":["packages/country_icons/icons/flags/png/lk.png","packages/country_icons/icons/flags/png/2.5x/lk.png"],"packages/country_icons/icons/flags/png/lr.png":["packages/country_icons/icons/flags/png/lr.png","packages/country_icons/icons/flags/png/2.5x/lr.png"],"packages/country_icons/icons/flags/png/ls.png":["packages/country_icons/icons/flags/png/ls.png","packages/country_icons/icons/flags/png/2.5x/ls.png"],"packages/country_icons/icons/flags/png/lt.png":["packages/country_icons/icons/flags/png/lt.png","packages/country_icons/icons/flags/png/2.5x/lt.png"],"packages/country_icons/icons/flags/png/lu.png":["packages/country_icons/icons/flags/png/lu.png","packages/country_icons/icons/flags/png/2.5x/lu.png"],"packages/country_icons/icons/flags/png/lv.png":["packages/country_icons/icons/flags/png/lv.png","packages/country_icons/icons/flags/png/2.5x/lv.png"],"packages/country_icons/icons/flags/png/ly.png":["packages/country_icons/icons/flags/png/ly.png","packages/country_icons/icons/flags/png/2.5x/ly.png"],"packages/country_icons/icons/flags/png/ma.png":["packages/country_icons/icons/flags/png/ma.png","packages/country_icons/icons/flags/png/2.5x/ma.png"],"packages/country_icons/icons/flags/png/mc.png":["packages/country_icons/icons/flags/png/mc.png","packages/country_icons/icons/flags/png/2.5x/mc.png"],"packages/country_icons/icons/flags/png/md.png":["packages/country_icons/icons/flags/png/md.png","packages/country_icons/icons/flags/png/2.5x/md.png"],"packages/country_icons/icons/flags/png/me.png":["packages/country_icons/icons/flags/png/me.png","packages/country_icons/icons/flags/png/2.5x/me.png"],"packages/country_icons/icons/flags/png/mf.png":["packages/country_icons/icons/flags/png/mf.png","packages/country_icons/icons/flags/png/2.5x/mf.png"],"packages/country_icons/icons/flags/png/mg.png":["packages/country_icons/icons/flags/png/mg.png","packages/country_icons/icons/flags/png/2.5x/mg.png"],"packages/country_icons/icons/flags/png/mh.png":["packages/country_icons/icons/flags/png/mh.png","packages/country_icons/icons/flags/png/2.5x/mh.png"],"packages/country_icons/icons/flags/png/mk.png":["packages/country_icons/icons/flags/png/mk.png","packages/country_icons/icons/flags/png/2.5x/mk.png"],"packages/country_icons/icons/flags/png/ml.png":["packages/country_icons/icons/flags/png/ml.png","packages/country_icons/icons/flags/png/2.5x/ml.png"],"packages/country_icons/icons/flags/png/mm.png":["packages/country_icons/icons/flags/png/mm.png","packages/country_icons/icons/flags/png/2.5x/mm.png"],"packages/country_icons/icons/flags/png/mn.png":["packages/country_icons/icons/flags/png/mn.png","packages/country_icons/icons/flags/png/2.5x/mn.png"],"packages/country_icons/icons/flags/png/mo.png":["packages/country_icons/icons/flags/png/mo.png","packages/country_icons/icons/flags/png/2.5x/mo.png"],"packages/country_icons/icons/flags/png/mp.png":["packages/country_icons/icons/flags/png/mp.png","packages/country_icons/icons/flags/png/2.5x/mp.png"],"packages/country_icons/icons/flags/png/mq.png":["packages/country_icons/icons/flags/png/mq.png","packages/country_icons/icons/flags/png/2.5x/mq.png"],"packages/country_icons/icons/flags/png/mr.png":["packages/country_icons/icons/flags/png/mr.png","packages/country_icons/icons/flags/png/2.5x/mr.png"],"packages/country_icons/icons/flags/png/ms.png":["packages/country_icons/icons/flags/png/ms.png","packages/country_icons/icons/flags/png/2.5x/ms.png"],"packages/country_icons/icons/flags/png/mt.png":["packages/country_icons/icons/flags/png/mt.png","packages/country_icons/icons/flags/png/2.5x/mt.png"],"packages/country_icons/icons/flags/png/mu.png":["packages/country_icons/icons/flags/png/mu.png","packages/country_icons/icons/flags/png/2.5x/mu.png"],"packages/country_icons/icons/flags/png/mv.png":["packages/country_icons/icons/flags/png/mv.png","packages/country_icons/icons/flags/png/2.5x/mv.png"],"packages/country_icons/icons/flags/png/mw.png":["packages/country_icons/icons/flags/png/mw.png","packages/country_icons/icons/flags/png/2.5x/mw.png"],"packages/country_icons/icons/flags/png/mx.png":["packages/country_icons/icons/flags/png/mx.png","packages/country_icons/icons/flags/png/2.5x/mx.png"],"packages/country_icons/icons/flags/png/my.png":["packages/country_icons/icons/flags/png/my.png","packages/country_icons/icons/flags/png/2.5x/my.png"],"packages/country_icons/icons/flags/png/mz.png":["packages/country_icons/icons/flags/png/mz.png","packages/country_icons/icons/flags/png/2.5x/mz.png"],"packages/country_icons/icons/flags/png/na.png":["packages/country_icons/icons/flags/png/na.png","packages/country_icons/icons/flags/png/2.5x/na.png"],"packages/country_icons/icons/flags/png/nc.png":["packages/country_icons/icons/flags/png/nc.png","packages/country_icons/icons/flags/png/2.5x/nc.png"],"packages/country_icons/icons/flags/png/ne.png":["packages/country_icons/icons/flags/png/ne.png","packages/country_icons/icons/flags/png/2.5x/ne.png"],"packages/country_icons/icons/flags/png/nf.png":["packages/country_icons/icons/flags/png/nf.png","packages/country_icons/icons/flags/png/2.5x/nf.png"],"packages/country_icons/icons/flags/png/ng.png":["packages/country_icons/icons/flags/png/ng.png","packages/country_icons/icons/flags/png/2.5x/ng.png"],"packages/country_icons/icons/flags/png/ni.png":["packages/country_icons/icons/flags/png/ni.png","packages/country_icons/icons/flags/png/2.5x/ni.png"],"packages/country_icons/icons/flags/png/nl.png":["packages/country_icons/icons/flags/png/nl.png","packages/country_icons/icons/flags/png/2.5x/nl.png"],"packages/country_icons/icons/flags/png/no.png":["packages/country_icons/icons/flags/png/no.png","packages/country_icons/icons/flags/png/2.5x/no.png"],"packages/country_icons/icons/flags/png/np.png":["packages/country_icons/icons/flags/png/np.png","packages/country_icons/icons/flags/png/2.5x/np.png"],"packages/country_icons/icons/flags/png/nr.png":["packages/country_icons/icons/flags/png/nr.png","packages/country_icons/icons/flags/png/2.5x/nr.png"],"packages/country_icons/icons/flags/png/nu.png":["packages/country_icons/icons/flags/png/nu.png","packages/country_icons/icons/flags/png/2.5x/nu.png"],"packages/country_icons/icons/flags/png/nz.png":["packages/country_icons/icons/flags/png/nz.png","packages/country_icons/icons/flags/png/2.5x/nz.png"],"packages/country_icons/icons/flags/png/om.png":["packages/country_icons/icons/flags/png/om.png","packages/country_icons/icons/flags/png/2.5x/om.png"],"packages/country_icons/icons/flags/png/pa.png":["packages/country_icons/icons/flags/png/pa.png","packages/country_icons/icons/flags/png/2.5x/pa.png"],"packages/country_icons/icons/flags/png/pe.png":["packages/country_icons/icons/flags/png/pe.png","packages/country_icons/icons/flags/png/2.5x/pe.png"],"packages/country_icons/icons/flags/png/pf.png":["packages/country_icons/icons/flags/png/pf.png","packages/country_icons/icons/flags/png/2.5x/pf.png"],"packages/country_icons/icons/flags/png/pg.png":["packages/country_icons/icons/flags/png/pg.png","packages/country_icons/icons/flags/png/2.5x/pg.png"],"packages/country_icons/icons/flags/png/ph.png":["packages/country_icons/icons/flags/png/ph.png","packages/country_icons/icons/flags/png/2.5x/ph.png"],"packages/country_icons/icons/flags/png/pk.png":["packages/country_icons/icons/flags/png/pk.png","packages/country_icons/icons/flags/png/2.5x/pk.png"],"packages/country_icons/icons/flags/png/pl.png":["packages/country_icons/icons/flags/png/pl.png","packages/country_icons/icons/flags/png/2.5x/pl.png"],"packages/country_icons/icons/flags/png/pm.png":["packages/country_icons/icons/flags/png/pm.png","packages/country_icons/icons/flags/png/2.5x/pm.png"],"packages/country_icons/icons/flags/png/pn.png":["packages/country_icons/icons/flags/png/pn.png","packages/country_icons/icons/flags/png/2.5x/pn.png"],"packages/country_icons/icons/flags/png/pr.png":["packages/country_icons/icons/flags/png/pr.png","packages/country_icons/icons/flags/png/2.5x/pr.png"],"packages/country_icons/icons/flags/png/ps.png":["packages/country_icons/icons/flags/png/ps.png","packages/country_icons/icons/flags/png/2.5x/ps.png"],"packages/country_icons/icons/flags/png/pt.png":["packages/country_icons/icons/flags/png/pt.png","packages/country_icons/icons/flags/png/2.5x/pt.png"],"packages/country_icons/icons/flags/png/pw.png":["packages/country_icons/icons/flags/png/pw.png","packages/country_icons/icons/flags/png/2.5x/pw.png"],"packages/country_icons/icons/flags/png/py.png":["packages/country_icons/icons/flags/png/py.png","packages/country_icons/icons/flags/png/2.5x/py.png"],"packages/country_icons/icons/flags/png/qa.png":["packages/country_icons/icons/flags/png/qa.png","packages/country_icons/icons/flags/png/2.5x/qa.png"],"packages/country_icons/icons/flags/png/re.png":["packages/country_icons/icons/flags/png/re.png","packages/country_icons/icons/flags/png/2.5x/re.png"],"packages/country_icons/icons/flags/png/ro.png":["packages/country_icons/icons/flags/png/ro.png","packages/country_icons/icons/flags/png/2.5x/ro.png"],"packages/country_icons/icons/flags/png/rs.png":["packages/country_icons/icons/flags/png/rs.png","packages/country_icons/icons/flags/png/2.5x/rs.png"],"packages/country_icons/icons/flags/png/ru.png":["packages/country_icons/icons/flags/png/ru.png","packages/country_icons/icons/flags/png/2.5x/ru.png"],"packages/country_icons/icons/flags/png/rw.png":["packages/country_icons/icons/flags/png/rw.png","packages/country_icons/icons/flags/png/2.5x/rw.png"],"packages/country_icons/icons/flags/png/sa.png":["packages/country_icons/icons/flags/png/sa.png","packages/country_icons/icons/flags/png/2.5x/sa.png"],"packages/country_icons/icons/flags/png/sb.png":["packages/country_icons/icons/flags/png/sb.png","packages/country_icons/icons/flags/png/2.5x/sb.png"],"packages/country_icons/icons/flags/png/sc.png":["packages/country_icons/icons/flags/png/sc.png","packages/country_icons/icons/flags/png/2.5x/sc.png"],"packages/country_icons/icons/flags/png/sd.png":["packages/country_icons/icons/flags/png/sd.png","packages/country_icons/icons/flags/png/2.5x/sd.png"],"packages/country_icons/icons/flags/png/se.png":["packages/country_icons/icons/flags/png/se.png","packages/country_icons/icons/flags/png/2.5x/se.png"],"packages/country_icons/icons/flags/png/sg.png":["packages/country_icons/icons/flags/png/sg.png","packages/country_icons/icons/flags/png/2.5x/sg.png"],"packages/country_icons/icons/flags/png/sh.png":["packages/country_icons/icons/flags/png/sh.png","packages/country_icons/icons/flags/png/2.5x/sh.png"],"packages/country_icons/icons/flags/png/si.png":["packages/country_icons/icons/flags/png/si.png","packages/country_icons/icons/flags/png/2.5x/si.png"],"packages/country_icons/icons/flags/png/sj.png":["packages/country_icons/icons/flags/png/sj.png","packages/country_icons/icons/flags/png/2.5x/sj.png"],"packages/country_icons/icons/flags/png/sk.png":["packages/country_icons/icons/flags/png/sk.png","packages/country_icons/icons/flags/png/2.5x/sk.png"],"packages/country_icons/icons/flags/png/sl.png":["packages/country_icons/icons/flags/png/sl.png","packages/country_icons/icons/flags/png/2.5x/sl.png"],"packages/country_icons/icons/flags/png/sm.png":["packages/country_icons/icons/flags/png/sm.png","packages/country_icons/icons/flags/png/2.5x/sm.png"],"packages/country_icons/icons/flags/png/sn.png":["packages/country_icons/icons/flags/png/sn.png","packages/country_icons/icons/flags/png/2.5x/sn.png"],"packages/country_icons/icons/flags/png/so.png":["packages/country_icons/icons/flags/png/so.png","packages/country_icons/icons/flags/png/2.5x/so.png"],"packages/country_icons/icons/flags/png/sr.png":["packages/country_icons/icons/flags/png/sr.png","packages/country_icons/icons/flags/png/2.5x/sr.png"],"packages/country_icons/icons/flags/png/ss.png":["packages/country_icons/icons/flags/png/ss.png","packages/country_icons/icons/flags/png/2.5x/ss.png"],"packages/country_icons/icons/flags/png/st.png":["packages/country_icons/icons/flags/png/st.png","packages/country_icons/icons/flags/png/2.5x/st.png"],"packages/country_icons/icons/flags/png/sv.png":["packages/country_icons/icons/flags/png/sv.png","packages/country_icons/icons/flags/png/2.5x/sv.png"],"packages/country_icons/icons/flags/png/sx.png":["packages/country_icons/icons/flags/png/sx.png","packages/country_icons/icons/flags/png/2.5x/sx.png"],"packages/country_icons/icons/flags/png/sy.png":["packages/country_icons/icons/flags/png/sy.png","packages/country_icons/icons/flags/png/2.5x/sy.png"],"packages/country_icons/icons/flags/png/sz.png":["packages/country_icons/icons/flags/png/sz.png","packages/country_icons/icons/flags/png/2.5x/sz.png"],"packages/country_icons/icons/flags/png/tc.png":["packages/country_icons/icons/flags/png/tc.png","packages/country_icons/icons/flags/png/2.5x/tc.png"],"packages/country_icons/icons/flags/png/td.png":["packages/country_icons/icons/flags/png/td.png","packages/country_icons/icons/flags/png/2.5x/td.png"],"packages/country_icons/icons/flags/png/tf.png":["packages/country_icons/icons/flags/png/tf.png","packages/country_icons/icons/flags/png/2.5x/tf.png"],"packages/country_icons/icons/flags/png/tg.png":["packages/country_icons/icons/flags/png/tg.png","packages/country_icons/icons/flags/png/2.5x/tg.png"],"packages/country_icons/icons/flags/png/th.png":["packages/country_icons/icons/flags/png/th.png","packages/country_icons/icons/flags/png/2.5x/th.png"],"packages/country_icons/icons/flags/png/tj.png":["packages/country_icons/icons/flags/png/tj.png","packages/country_icons/icons/flags/png/2.5x/tj.png"],"packages/country_icons/icons/flags/png/tk.png":["packages/country_icons/icons/flags/png/tk.png","packages/country_icons/icons/flags/png/2.5x/tk.png"],"packages/country_icons/icons/flags/png/tl.png":["packages/country_icons/icons/flags/png/tl.png","packages/country_icons/icons/flags/png/2.5x/tl.png"],"packages/country_icons/icons/flags/png/tm.png":["packages/country_icons/icons/flags/png/tm.png","packages/country_icons/icons/flags/png/2.5x/tm.png"],"packages/country_icons/icons/flags/png/tn.png":["packages/country_icons/icons/flags/png/tn.png","packages/country_icons/icons/flags/png/2.5x/tn.png"],"packages/country_icons/icons/flags/png/to.png":["packages/country_icons/icons/flags/png/to.png","packages/country_icons/icons/flags/png/2.5x/to.png"],"packages/country_icons/icons/flags/png/tr.png":["packages/country_icons/icons/flags/png/tr.png","packages/country_icons/icons/flags/png/2.5x/tr.png"],"packages/country_icons/icons/flags/png/tt.png":["packages/country_icons/icons/flags/png/tt.png","packages/country_icons/icons/flags/png/2.5x/tt.png"],"packages/country_icons/icons/flags/png/tv.png":["packages/country_icons/icons/flags/png/tv.png","packages/country_icons/icons/flags/png/2.5x/tv.png"],"packages/country_icons/icons/flags/png/tw.png":["packages/country_icons/icons/flags/png/tw.png","packages/country_icons/icons/flags/png/2.5x/tw.png"],"packages/country_icons/icons/flags/png/tz.png":["packages/country_icons/icons/flags/png/tz.png","packages/country_icons/icons/flags/png/2.5x/tz.png"],"packages/country_icons/icons/flags/png/ua.png":["packages/country_icons/icons/flags/png/ua.png","packages/country_icons/icons/flags/png/2.5x/ua.png"],"packages/country_icons/icons/flags/png/ug.png":["packages/country_icons/icons/flags/png/ug.png","packages/country_icons/icons/flags/png/2.5x/ug.png"],"packages/country_icons/icons/flags/png/um.png":["packages/country_icons/icons/flags/png/um.png","packages/country_icons/icons/flags/png/2.5x/um.png"],"packages/country_icons/icons/flags/png/us.png":["packages/country_icons/icons/flags/png/us.png","packages/country_icons/icons/flags/png/2.5x/us.png"],"packages/country_icons/icons/flags/png/uy.png":["packages/country_icons/icons/flags/png/uy.png","packages/country_icons/icons/flags/png/2.5x/uy.png"],"packages/country_icons/icons/flags/png/uz.png":["packages/country_icons/icons/flags/png/uz.png","packages/country_icons/icons/flags/png/2.5x/uz.png"],"packages/country_icons/icons/flags/png/va.png":["packages/country_icons/icons/flags/png/va.png","packages/country_icons/icons/flags/png/2.5x/va.png"],"packages/country_icons/icons/flags/png/vc.png":["packages/country_icons/icons/flags/png/vc.png","packages/country_icons/icons/flags/png/2.5x/vc.png"],"packages/country_icons/icons/flags/png/ve.png":["packages/country_icons/icons/flags/png/ve.png","packages/country_icons/icons/flags/png/2.5x/ve.png"],"packages/country_icons/icons/flags/png/vg.png":["packages/country_icons/icons/flags/png/vg.png","packages/country_icons/icons/flags/png/2.5x/vg.png"],"packages/country_icons/icons/flags/png/vi.png":["packages/country_icons/icons/flags/png/vi.png","packages/country_icons/icons/flags/png/2.5x/vi.png"],"packages/country_icons/icons/flags/png/vn.png":["packages/country_icons/icons/flags/png/vn.png","packages/country_icons/icons/flags/png/2.5x/vn.png"],"packages/country_icons/icons/flags/png/vu.png":["packages/country_icons/icons/flags/png/vu.png","packages/country_icons/icons/flags/png/2.5x/vu.png"],"packages/country_icons/icons/flags/png/wf.png":["packages/country_icons/icons/flags/png/wf.png","packages/country_icons/icons/flags/png/2.5x/wf.png"],"packages/country_icons/icons/flags/png/ws.png":["packages/country_icons/icons/flags/png/ws.png","packages/country_icons/icons/flags/png/2.5x/ws.png"],"packages/country_icons/icons/flags/png/xk.png":["packages/country_icons/icons/flags/png/xk.png","packages/country_icons/icons/flags/png/2.5x/xk.png"],"packages/country_icons/icons/flags/png/ye.png":["packages/country_icons/icons/flags/png/ye.png","packages/country_icons/icons/flags/png/2.5x/ye.png"],"packages/country_icons/icons/flags/png/yt.png":["packages/country_icons/icons/flags/png/yt.png","packages/country_icons/icons/flags/png/2.5x/yt.png"],"packages/country_icons/icons/flags/png/za.png":["packages/country_icons/icons/flags/png/za.png","packages/country_icons/icons/flags/png/2.5x/za.png"],"packages/country_icons/icons/flags/png/zm.png":["packages/country_icons/icons/flags/png/zm.png","packages/country_icons/icons/flags/png/2.5x/zm.png"],"packages/country_icons/icons/flags/png/zw.png":["packages/country_icons/icons/flags/png/zw.png","packages/country_icons/icons/flags/png/2.5x/zw.png"],"packages/country_icons/icons/flags/svg/ad.svg":["packages/country_icons/icons/flags/svg/ad.svg"],"packages/country_icons/icons/flags/svg/ae.svg":["packages/country_icons/icons/flags/svg/ae.svg"],"packages/country_icons/icons/flags/svg/af.svg":["packages/country_icons/icons/flags/svg/af.svg"],"packages/country_icons/icons/flags/svg/ag.svg":["packages/country_icons/icons/flags/svg/ag.svg"],"packages/country_icons/icons/flags/svg/ai.svg":["packages/country_icons/icons/flags/svg/ai.svg"],"packages/country_icons/icons/flags/svg/al.svg":["packages/country_icons/icons/flags/svg/al.svg"],"packages/country_icons/icons/flags/svg/am.svg":["packages/country_icons/icons/flags/svg/am.svg"],"packages/country_icons/icons/flags/svg/an.svg":["packages/country_icons/icons/flags/svg/an.svg"],"packages/country_icons/icons/flags/svg/ao.svg":["packages/country_icons/icons/flags/svg/ao.svg"],"packages/country_icons/icons/flags/svg/aq.svg":["packages/country_icons/icons/flags/svg/aq.svg"],"packages/country_icons/icons/flags/svg/ar.svg":["packages/country_icons/icons/flags/svg/ar.svg"],"packages/country_icons/icons/flags/svg/as.svg":["packages/country_icons/icons/flags/svg/as.svg"],"packages/country_icons/icons/flags/svg/at.svg":["packages/country_icons/icons/flags/svg/at.svg"],"packages/country_icons/icons/flags/svg/au.svg":["packages/country_icons/icons/flags/svg/au.svg"],"packages/country_icons/icons/flags/svg/aw.svg":["packages/country_icons/icons/flags/svg/aw.svg"],"packages/country_icons/icons/flags/svg/ax.svg":["packages/country_icons/icons/flags/svg/ax.svg"],"packages/country_icons/icons/flags/svg/az.svg":["packages/country_icons/icons/flags/svg/az.svg"],"packages/country_icons/icons/flags/svg/ba.svg":["packages/country_icons/icons/flags/svg/ba.svg"],"packages/country_icons/icons/flags/svg/bb.svg":["packages/country_icons/icons/flags/svg/bb.svg"],"packages/country_icons/icons/flags/svg/bd.svg":["packages/country_icons/icons/flags/svg/bd.svg"],"packages/country_icons/icons/flags/svg/be.svg":["packages/country_icons/icons/flags/svg/be.svg"],"packages/country_icons/icons/flags/svg/bf.svg":["packages/country_icons/icons/flags/svg/bf.svg"],"packages/country_icons/icons/flags/svg/bg.svg":["packages/country_icons/icons/flags/svg/bg.svg"],"packages/country_icons/icons/flags/svg/bh.svg":["packages/country_icons/icons/flags/svg/bh.svg"],"packages/country_icons/icons/flags/svg/bi.svg":["packages/country_icons/icons/flags/svg/bi.svg"],"packages/country_icons/icons/flags/svg/bj.svg":["packages/country_icons/icons/flags/svg/bj.svg"],"packages/country_icons/icons/flags/svg/bl.svg":["packages/country_icons/icons/flags/svg/bl.svg"],"packages/country_icons/icons/flags/svg/bm.svg":["packages/country_icons/icons/flags/svg/bm.svg"],"packages/country_icons/icons/flags/svg/bn.svg":["packages/country_icons/icons/flags/svg/bn.svg"],"packages/country_icons/icons/flags/svg/bo.svg":["packages/country_icons/icons/flags/svg/bo.svg"],"packages/country_icons/icons/flags/svg/bq.svg":["packages/country_icons/icons/flags/svg/bq.svg"],"packages/country_icons/icons/flags/svg/br.svg":["packages/country_icons/icons/flags/svg/br.svg"],"packages/country_icons/icons/flags/svg/bs.svg":["packages/country_icons/icons/flags/svg/bs.svg"],"packages/country_icons/icons/flags/svg/bt.svg":["packages/country_icons/icons/flags/svg/bt.svg"],"packages/country_icons/icons/flags/svg/bv.svg":["packages/country_icons/icons/flags/svg/bv.svg"],"packages/country_icons/icons/flags/svg/bw.svg":["packages/country_icons/icons/flags/svg/bw.svg"],"packages/country_icons/icons/flags/svg/by.svg":["packages/country_icons/icons/flags/svg/by.svg"],"packages/country_icons/icons/flags/svg/bz.svg":["packages/country_icons/icons/flags/svg/bz.svg"],"packages/country_icons/icons/flags/svg/ca.svg":["packages/country_icons/icons/flags/svg/ca.svg"],"packages/country_icons/icons/flags/svg/cc.svg":["packages/country_icons/icons/flags/svg/cc.svg"],"packages/country_icons/icons/flags/svg/cd.svg":["packages/country_icons/icons/flags/svg/cd.svg"],"packages/country_icons/icons/flags/svg/cf.svg":["packages/country_icons/icons/flags/svg/cf.svg"],"packages/country_icons/icons/flags/svg/cg.svg":["packages/country_icons/icons/flags/svg/cg.svg"],"packages/country_icons/icons/flags/svg/ch.svg":["packages/country_icons/icons/flags/svg/ch.svg"],"packages/country_icons/icons/flags/svg/ci.svg":["packages/country_icons/icons/flags/svg/ci.svg"],"packages/country_icons/icons/flags/svg/ck.svg":["packages/country_icons/icons/flags/svg/ck.svg"],"packages/country_icons/icons/flags/svg/cl.svg":["packages/country_icons/icons/flags/svg/cl.svg"],"packages/country_icons/icons/flags/svg/cm.svg":["packages/country_icons/icons/flags/svg/cm.svg"],"packages/country_icons/icons/flags/svg/cn.svg":["packages/country_icons/icons/flags/svg/cn.svg"],"packages/country_icons/icons/flags/svg/co.svg":["packages/country_icons/icons/flags/svg/co.svg"],"packages/country_icons/icons/flags/svg/cr.svg":["packages/country_icons/icons/flags/svg/cr.svg"],"packages/country_icons/icons/flags/svg/cu.svg":["packages/country_icons/icons/flags/svg/cu.svg"],"packages/country_icons/icons/flags/svg/cv.svg":["packages/country_icons/icons/flags/svg/cv.svg"],"packages/country_icons/icons/flags/svg/cw.svg":["packages/country_icons/icons/flags/svg/cw.svg"],"packages/country_icons/icons/flags/svg/cx.svg":["packages/country_icons/icons/flags/svg/cx.svg"],"packages/country_icons/icons/flags/svg/cy.svg":["packages/country_icons/icons/flags/svg/cy.svg"],"packages/country_icons/icons/flags/svg/cz.svg":["packages/country_icons/icons/flags/svg/cz.svg"],"packages/country_icons/icons/flags/svg/de.svg":["packages/country_icons/icons/flags/svg/de.svg"],"packages/country_icons/icons/flags/svg/dj.svg":["packages/country_icons/icons/flags/svg/dj.svg"],"packages/country_icons/icons/flags/svg/dk.svg":["packages/country_icons/icons/flags/svg/dk.svg"],"packages/country_icons/icons/flags/svg/dm.svg":["packages/country_icons/icons/flags/svg/dm.svg"],"packages/country_icons/icons/flags/svg/do.svg":["packages/country_icons/icons/flags/svg/do.svg"],"packages/country_icons/icons/flags/svg/dz.svg":["packages/country_icons/icons/flags/svg/dz.svg"],"packages/country_icons/icons/flags/svg/ec.svg":["packages/country_icons/icons/flags/svg/ec.svg"],"packages/country_icons/icons/flags/svg/ee.svg":["packages/country_icons/icons/flags/svg/ee.svg"],"packages/country_icons/icons/flags/svg/eg.svg":["packages/country_icons/icons/flags/svg/eg.svg"],"packages/country_icons/icons/flags/svg/eh.svg":["packages/country_icons/icons/flags/svg/eh.svg"],"packages/country_icons/icons/flags/svg/er.svg":["packages/country_icons/icons/flags/svg/er.svg"],"packages/country_icons/icons/flags/svg/es.svg":["packages/country_icons/icons/flags/svg/es.svg"],"packages/country_icons/icons/flags/svg/et.svg":["packages/country_icons/icons/flags/svg/et.svg"],"packages/country_icons/icons/flags/svg/eu.svg":["packages/country_icons/icons/flags/svg/eu.svg"],"packages/country_icons/icons/flags/svg/fi.svg":["packages/country_icons/icons/flags/svg/fi.svg"],"packages/country_icons/icons/flags/svg/fj.svg":["packages/country_icons/icons/flags/svg/fj.svg"],"packages/country_icons/icons/flags/svg/fk.svg":["packages/country_icons/icons/flags/svg/fk.svg"],"packages/country_icons/icons/flags/svg/fm.svg":["packages/country_icons/icons/flags/svg/fm.svg"],"packages/country_icons/icons/flags/svg/fo.svg":["packages/country_icons/icons/flags/svg/fo.svg"],"packages/country_icons/icons/flags/svg/fr.svg":["packages/country_icons/icons/flags/svg/fr.svg"],"packages/country_icons/icons/flags/svg/ga.svg":["packages/country_icons/icons/flags/svg/ga.svg"],"packages/country_icons/icons/flags/svg/gb-eng.svg":["packages/country_icons/icons/flags/svg/gb-eng.svg"],"packages/country_icons/icons/flags/svg/gb-nir.svg":["packages/country_icons/icons/flags/svg/gb-nir.svg"],"packages/country_icons/icons/flags/svg/gb-sct.svg":["packages/country_icons/icons/flags/svg/gb-sct.svg"],"packages/country_icons/icons/flags/svg/gb-wls.svg":["packages/country_icons/icons/flags/svg/gb-wls.svg"],"packages/country_icons/icons/flags/svg/gb.svg":["packages/country_icons/icons/flags/svg/gb.svg"],"packages/country_icons/icons/flags/svg/gd.svg":["packages/country_icons/icons/flags/svg/gd.svg"],"packages/country_icons/icons/flags/svg/ge.svg":["packages/country_icons/icons/flags/svg/ge.svg"],"packages/country_icons/icons/flags/svg/gf.svg":["packages/country_icons/icons/flags/svg/gf.svg"],"packages/country_icons/icons/flags/svg/gg.svg":["packages/country_icons/icons/flags/svg/gg.svg"],"packages/country_icons/icons/flags/svg/gh.svg":["packages/country_icons/icons/flags/svg/gh.svg"],"packages/country_icons/icons/flags/svg/gi.svg":["packages/country_icons/icons/flags/svg/gi.svg"],"packages/country_icons/icons/flags/svg/gl.svg":["packages/country_icons/icons/flags/svg/gl.svg"],"packages/country_icons/icons/flags/svg/gm.svg":["packages/country_icons/icons/flags/svg/gm.svg"],"packages/country_icons/icons/flags/svg/gn.svg":["packages/country_icons/icons/flags/svg/gn.svg"],"packages/country_icons/icons/flags/svg/gp.svg":["packages/country_icons/icons/flags/svg/gp.svg"],"packages/country_icons/icons/flags/svg/gq.svg":["packages/country_icons/icons/flags/svg/gq.svg"],"packages/country_icons/icons/flags/svg/gr.svg":["packages/country_icons/icons/flags/svg/gr.svg"],"packages/country_icons/icons/flags/svg/gs.svg":["packages/country_icons/icons/flags/svg/gs.svg"],"packages/country_icons/icons/flags/svg/gt.svg":["packages/country_icons/icons/flags/svg/gt.svg"],"packages/country_icons/icons/flags/svg/gu.svg":["packages/country_icons/icons/flags/svg/gu.svg"],"packages/country_icons/icons/flags/svg/gw.svg":["packages/country_icons/icons/flags/svg/gw.svg"],"packages/country_icons/icons/flags/svg/gy.svg":["packages/country_icons/icons/flags/svg/gy.svg"],"packages/country_icons/icons/flags/svg/hk.svg":["packages/country_icons/icons/flags/svg/hk.svg"],"packages/country_icons/icons/flags/svg/hm.svg":["packages/country_icons/icons/flags/svg/hm.svg"],"packages/country_icons/icons/flags/svg/hn.svg":["packages/country_icons/icons/flags/svg/hn.svg"],"packages/country_icons/icons/flags/svg/hr.svg":["packages/country_icons/icons/flags/svg/hr.svg"],"packages/country_icons/icons/flags/svg/ht.svg":["packages/country_icons/icons/flags/svg/ht.svg"],"packages/country_icons/icons/flags/svg/hu.svg":["packages/country_icons/icons/flags/svg/hu.svg"],"packages/country_icons/icons/flags/svg/id.svg":["packages/country_icons/icons/flags/svg/id.svg"],"packages/country_icons/icons/flags/svg/ie.svg":["packages/country_icons/icons/flags/svg/ie.svg"],"packages/country_icons/icons/flags/svg/il.svg":["packages/country_icons/icons/flags/svg/il.svg"],"packages/country_icons/icons/flags/svg/im.svg":["packages/country_icons/icons/flags/svg/im.svg"],"packages/country_icons/icons/flags/svg/in.svg":["packages/country_icons/icons/flags/svg/in.svg"],"packages/country_icons/icons/flags/svg/io.svg":["packages/country_icons/icons/flags/svg/io.svg"],"packages/country_icons/icons/flags/svg/iq.svg":["packages/country_icons/icons/flags/svg/iq.svg"],"packages/country_icons/icons/flags/svg/ir.svg":["packages/country_icons/icons/flags/svg/ir.svg"],"packages/country_icons/icons/flags/svg/is.svg":["packages/country_icons/icons/flags/svg/is.svg"],"packages/country_icons/icons/flags/svg/it.svg":["packages/country_icons/icons/flags/svg/it.svg"],"packages/country_icons/icons/flags/svg/je.svg":["packages/country_icons/icons/flags/svg/je.svg"],"packages/country_icons/icons/flags/svg/jm.svg":["packages/country_icons/icons/flags/svg/jm.svg"],"packages/country_icons/icons/flags/svg/jo.svg":["packages/country_icons/icons/flags/svg/jo.svg"],"packages/country_icons/icons/flags/svg/jp.svg":["packages/country_icons/icons/flags/svg/jp.svg"],"packages/country_icons/icons/flags/svg/ke.svg":["packages/country_icons/icons/flags/svg/ke.svg"],"packages/country_icons/icons/flags/svg/kg.svg":["packages/country_icons/icons/flags/svg/kg.svg"],"packages/country_icons/icons/flags/svg/kh.svg":["packages/country_icons/icons/flags/svg/kh.svg"],"packages/country_icons/icons/flags/svg/ki.svg":["packages/country_icons/icons/flags/svg/ki.svg"],"packages/country_icons/icons/flags/svg/km.svg":["packages/country_icons/icons/flags/svg/km.svg"],"packages/country_icons/icons/flags/svg/kn.svg":["packages/country_icons/icons/flags/svg/kn.svg"],"packages/country_icons/icons/flags/svg/kp.svg":["packages/country_icons/icons/flags/svg/kp.svg"],"packages/country_icons/icons/flags/svg/kr.svg":["packages/country_icons/icons/flags/svg/kr.svg"],"packages/country_icons/icons/flags/svg/kw.svg":["packages/country_icons/icons/flags/svg/kw.svg"],"packages/country_icons/icons/flags/svg/ky.svg":["packages/country_icons/icons/flags/svg/ky.svg"],"packages/country_icons/icons/flags/svg/kz.svg":["packages/country_icons/icons/flags/svg/kz.svg"],"packages/country_icons/icons/flags/svg/la.svg":["packages/country_icons/icons/flags/svg/la.svg"],"packages/country_icons/icons/flags/svg/lb.svg":["packages/country_icons/icons/flags/svg/lb.svg"],"packages/country_icons/icons/flags/svg/lc.svg":["packages/country_icons/icons/flags/svg/lc.svg"],"packages/country_icons/icons/flags/svg/li.svg":["packages/country_icons/icons/flags/svg/li.svg"],"packages/country_icons/icons/flags/svg/lk.svg":["packages/country_icons/icons/flags/svg/lk.svg"],"packages/country_icons/icons/flags/svg/lr.svg":["packages/country_icons/icons/flags/svg/lr.svg"],"packages/country_icons/icons/flags/svg/ls.svg":["packages/country_icons/icons/flags/svg/ls.svg"],"packages/country_icons/icons/flags/svg/lt.svg":["packages/country_icons/icons/flags/svg/lt.svg"],"packages/country_icons/icons/flags/svg/lu.svg":["packages/country_icons/icons/flags/svg/lu.svg"],"packages/country_icons/icons/flags/svg/lv.svg":["packages/country_icons/icons/flags/svg/lv.svg"],"packages/country_icons/icons/flags/svg/ly.svg":["packages/country_icons/icons/flags/svg/ly.svg"],"packages/country_icons/icons/flags/svg/ma.svg":["packages/country_icons/icons/flags/svg/ma.svg"],"packages/country_icons/icons/flags/svg/mc.svg":["packages/country_icons/icons/flags/svg/mc.svg"],"packages/country_icons/icons/flags/svg/md.svg":["packages/country_icons/icons/flags/svg/md.svg"],"packages/country_icons/icons/flags/svg/me.svg":["packages/country_icons/icons/flags/svg/me.svg"],"packages/country_icons/icons/flags/svg/mf.svg":["packages/country_icons/icons/flags/svg/mf.svg"],"packages/country_icons/icons/flags/svg/mg.svg":["packages/country_icons/icons/flags/svg/mg.svg"],"packages/country_icons/icons/flags/svg/mh.svg":["packages/country_icons/icons/flags/svg/mh.svg"],"packages/country_icons/icons/flags/svg/mk.svg":["packages/country_icons/icons/flags/svg/mk.svg"],"packages/country_icons/icons/flags/svg/ml.svg":["packages/country_icons/icons/flags/svg/ml.svg"],"packages/country_icons/icons/flags/svg/mm.svg":["packages/country_icons/icons/flags/svg/mm.svg"],"packages/country_icons/icons/flags/svg/mn.svg":["packages/country_icons/icons/flags/svg/mn.svg"],"packages/country_icons/icons/flags/svg/mo.svg":["packages/country_icons/icons/flags/svg/mo.svg"],"packages/country_icons/icons/flags/svg/mp.svg":["packages/country_icons/icons/flags/svg/mp.svg"],"packages/country_icons/icons/flags/svg/mq.svg":["packages/country_icons/icons/flags/svg/mq.svg"],"packages/country_icons/icons/flags/svg/mr.svg":["packages/country_icons/icons/flags/svg/mr.svg"],"packages/country_icons/icons/flags/svg/ms.svg":["packages/country_icons/icons/flags/svg/ms.svg"],"packages/country_icons/icons/flags/svg/mt.svg":["packages/country_icons/icons/flags/svg/mt.svg"],"packages/country_icons/icons/flags/svg/mu.svg":["packages/country_icons/icons/flags/svg/mu.svg"],"packages/country_icons/icons/flags/svg/mv.svg":["packages/country_icons/icons/flags/svg/mv.svg"],"packages/country_icons/icons/flags/svg/mw.svg":["packages/country_icons/icons/flags/svg/mw.svg"],"packages/country_icons/icons/flags/svg/mx.svg":["packages/country_icons/icons/flags/svg/mx.svg"],"packages/country_icons/icons/flags/svg/my.svg":["packages/country_icons/icons/flags/svg/my.svg"],"packages/country_icons/icons/flags/svg/mz.svg":["packages/country_icons/icons/flags/svg/mz.svg"],"packages/country_icons/icons/flags/svg/na.svg":["packages/country_icons/icons/flags/svg/na.svg"],"packages/country_icons/icons/flags/svg/nc.svg":["packages/country_icons/icons/flags/svg/nc.svg"],"packages/country_icons/icons/flags/svg/ne.svg":["packages/country_icons/icons/flags/svg/ne.svg"],"packages/country_icons/icons/flags/svg/nf.svg":["packages/country_icons/icons/flags/svg/nf.svg"],"packages/country_icons/icons/flags/svg/ng.svg":["packages/country_icons/icons/flags/svg/ng.svg"],"packages/country_icons/icons/flags/svg/ni.svg":["packages/country_icons/icons/flags/svg/ni.svg"],"packages/country_icons/icons/flags/svg/nl.svg":["packages/country_icons/icons/flags/svg/nl.svg"],"packages/country_icons/icons/flags/svg/no.svg":["packages/country_icons/icons/flags/svg/no.svg"],"packages/country_icons/icons/flags/svg/np.svg":["packages/country_icons/icons/flags/svg/np.svg"],"packages/country_icons/icons/flags/svg/nr.svg":["packages/country_icons/icons/flags/svg/nr.svg"],"packages/country_icons/icons/flags/svg/nu.svg":["packages/country_icons/icons/flags/svg/nu.svg"],"packages/country_icons/icons/flags/svg/nz.svg":["packages/country_icons/icons/flags/svg/nz.svg"],"packages/country_icons/icons/flags/svg/om.svg":["packages/country_icons/icons/flags/svg/om.svg"],"packages/country_icons/icons/flags/svg/pa.svg":["packages/country_icons/icons/flags/svg/pa.svg"],"packages/country_icons/icons/flags/svg/pe.svg":["packages/country_icons/icons/flags/svg/pe.svg"],"packages/country_icons/icons/flags/svg/pf.svg":["packages/country_icons/icons/flags/svg/pf.svg"],"packages/country_icons/icons/flags/svg/pg.svg":["packages/country_icons/icons/flags/svg/pg.svg"],"packages/country_icons/icons/flags/svg/ph.svg":["packages/country_icons/icons/flags/svg/ph.svg"],"packages/country_icons/icons/flags/svg/pk.svg":["packages/country_icons/icons/flags/svg/pk.svg"],"packages/country_icons/icons/flags/svg/pl.svg":["packages/country_icons/icons/flags/svg/pl.svg"],"packages/country_icons/icons/flags/svg/pm.svg":["packages/country_icons/icons/flags/svg/pm.svg"],"packages/country_icons/icons/flags/svg/pn.svg":["packages/country_icons/icons/flags/svg/pn.svg"],"packages/country_icons/icons/flags/svg/pr.svg":["packages/country_icons/icons/flags/svg/pr.svg"],"packages/country_icons/icons/flags/svg/ps.svg":["packages/country_icons/icons/flags/svg/ps.svg"],"packages/country_icons/icons/flags/svg/pt.svg":["packages/country_icons/icons/flags/svg/pt.svg"],"packages/country_icons/icons/flags/svg/pw.svg":["packages/country_icons/icons/flags/svg/pw.svg"],"packages/country_icons/icons/flags/svg/py.svg":["packages/country_icons/icons/flags/svg/py.svg"],"packages/country_icons/icons/flags/svg/qa.svg":["packages/country_icons/icons/flags/svg/qa.svg"],"packages/country_icons/icons/flags/svg/re.svg":["packages/country_icons/icons/flags/svg/re.svg"],"packages/country_icons/icons/flags/svg/ro.svg":["packages/country_icons/icons/flags/svg/ro.svg"],"packages/country_icons/icons/flags/svg/rs.svg":["packages/country_icons/icons/flags/svg/rs.svg"],"packages/country_icons/icons/flags/svg/ru.svg":["packages/country_icons/icons/flags/svg/ru.svg"],"packages/country_icons/icons/flags/svg/rw.svg":["packages/country_icons/icons/flags/svg/rw.svg"],"packages/country_icons/icons/flags/svg/sa.svg":["packages/country_icons/icons/flags/svg/sa.svg"],"packages/country_icons/icons/flags/svg/sb.svg":["packages/country_icons/icons/flags/svg/sb.svg"],"packages/country_icons/icons/flags/svg/sc.svg":["packages/country_icons/icons/flags/svg/sc.svg"],"packages/country_icons/icons/flags/svg/sd.svg":["packages/country_icons/icons/flags/svg/sd.svg"],"packages/country_icons/icons/flags/svg/se.svg":["packages/country_icons/icons/flags/svg/se.svg"],"packages/country_icons/icons/flags/svg/sg.svg":["packages/country_icons/icons/flags/svg/sg.svg"],"packages/country_icons/icons/flags/svg/sh.svg":["packages/country_icons/icons/flags/svg/sh.svg"],"packages/country_icons/icons/flags/svg/si.svg":["packages/country_icons/icons/flags/svg/si.svg"],"packages/country_icons/icons/flags/svg/sj.svg":["packages/country_icons/icons/flags/svg/sj.svg"],"packages/country_icons/icons/flags/svg/sk.svg":["packages/country_icons/icons/flags/svg/sk.svg"],"packages/country_icons/icons/flags/svg/sl.svg":["packages/country_icons/icons/flags/svg/sl.svg"],"packages/country_icons/icons/flags/svg/sm.svg":["packages/country_icons/icons/flags/svg/sm.svg"],"packages/country_icons/icons/flags/svg/sn.svg":["packages/country_icons/icons/flags/svg/sn.svg"],"packages/country_icons/icons/flags/svg/so.svg":["packages/country_icons/icons/flags/svg/so.svg"],"packages/country_icons/icons/flags/svg/sr.svg":["packages/country_icons/icons/flags/svg/sr.svg"],"packages/country_icons/icons/flags/svg/ss.svg":["packages/country_icons/icons/flags/svg/ss.svg"],"packages/country_icons/icons/flags/svg/st.svg":["packages/country_icons/icons/flags/svg/st.svg"],"packages/country_icons/icons/flags/svg/sv.svg":["packages/country_icons/icons/flags/svg/sv.svg"],"packages/country_icons/icons/flags/svg/sx.svg":["packages/country_icons/icons/flags/svg/sx.svg"],"packages/country_icons/icons/flags/svg/sy.svg":["packages/country_icons/icons/flags/svg/sy.svg"],"packages/country_icons/icons/flags/svg/sz.svg":["packages/country_icons/icons/flags/svg/sz.svg"],"packages/country_icons/icons/flags/svg/tc.svg":["packages/country_icons/icons/flags/svg/tc.svg"],"packages/country_icons/icons/flags/svg/td.svg":["packages/country_icons/icons/flags/svg/td.svg"],"packages/country_icons/icons/flags/svg/tf.svg":["packages/country_icons/icons/flags/svg/tf.svg"],"packages/country_icons/icons/flags/svg/tg.svg":["packages/country_icons/icons/flags/svg/tg.svg"],"packages/country_icons/icons/flags/svg/th.svg":["packages/country_icons/icons/flags/svg/th.svg"],"packages/country_icons/icons/flags/svg/tj.svg":["packages/country_icons/icons/flags/svg/tj.svg"],"packages/country_icons/icons/flags/svg/tk.svg":["packages/country_icons/icons/flags/svg/tk.svg"],"packages/country_icons/icons/flags/svg/tl.svg":["packages/country_icons/icons/flags/svg/tl.svg"],"packages/country_icons/icons/flags/svg/tm.svg":["packages/country_icons/icons/flags/svg/tm.svg"],"packages/country_icons/icons/flags/svg/tn.svg":["packages/country_icons/icons/flags/svg/tn.svg"],"packages/country_icons/icons/flags/svg/to.svg":["packages/country_icons/icons/flags/svg/to.svg"],"packages/country_icons/icons/flags/svg/tr.svg":["packages/country_icons/icons/flags/svg/tr.svg"],"packages/country_icons/icons/flags/svg/tt.svg":["packages/country_icons/icons/flags/svg/tt.svg"],"packages/country_icons/icons/flags/svg/tv.svg":["packages/country_icons/icons/flags/svg/tv.svg"],"packages/country_icons/icons/flags/svg/tw.svg":["packages/country_icons/icons/flags/svg/tw.svg"],"packages/country_icons/icons/flags/svg/tz.svg":["packages/country_icons/icons/flags/svg/tz.svg"],"packages/country_icons/icons/flags/svg/ua.svg":["packages/country_icons/icons/flags/svg/ua.svg"],"packages/country_icons/icons/flags/svg/ug.svg":["packages/country_icons/icons/flags/svg/ug.svg"],"packages/country_icons/icons/flags/svg/um.svg":["packages/country_icons/icons/flags/svg/um.svg"],"packages/country_icons/icons/flags/svg/us.svg":["packages/country_icons/icons/flags/svg/us.svg"],"packages/country_icons/icons/flags/svg/uy.svg":["packages/country_icons/icons/flags/svg/uy.svg"],"packages/country_icons/icons/flags/svg/uz.svg":["packages/country_icons/icons/flags/svg/uz.svg"],"packages/country_icons/icons/flags/svg/va.svg":["packages/country_icons/icons/flags/svg/va.svg"],"packages/country_icons/icons/flags/svg/vc.svg":["packages/country_icons/icons/flags/svg/vc.svg"],"packages/country_icons/icons/flags/svg/ve.svg":["packages/country_icons/icons/flags/svg/ve.svg"],"packages/country_icons/icons/flags/svg/vg.svg":["packages/country_icons/icons/flags/svg/vg.svg"],"packages/country_icons/icons/flags/svg/vi.svg":["packages/country_icons/icons/flags/svg/vi.svg"],"packages/country_icons/icons/flags/svg/vn.svg":["packages/country_icons/icons/flags/svg/vn.svg"],"packages/country_icons/icons/flags/svg/vu.svg":["packages/country_icons/icons/flags/svg/vu.svg"],"packages/country_icons/icons/flags/svg/wf.svg":["packages/country_icons/icons/flags/svg/wf.svg"],"packages/country_icons/icons/flags/svg/ws.svg":["packages/country_icons/icons/flags/svg/ws.svg"],"packages/country_icons/icons/flags/svg/xk.svg":["packages/country_icons/icons/flags/svg/xk.svg"],"packages/country_icons/icons/flags/svg/ye.svg":["packages/country_icons/icons/flags/svg/ye.svg"],"packages/country_icons/icons/flags/svg/yt.svg":["packages/country_icons/icons/flags/svg/yt.svg"],"packages/country_icons/icons/flags/svg/za.svg":["packages/country_icons/icons/flags/svg/za.svg"],"packages/country_icons/icons/flags/svg/zm.svg":["packages/country_icons/icons/flags/svg/zm.svg"],"packages/country_icons/icons/flags/svg/zw.svg":["packages/country_icons/icons/flags/svg/zw.svg"],"packages/cupertino_icons/assets/CupertinoIcons.ttf":["packages/cupertino_icons/assets/CupertinoIcons.ttf"],"packages/font_awesome_flutter/lib/fonts/fa-brands-400.ttf":["packages/font_awesome_flutter/lib/fonts/fa-brands-400.ttf"],"packages/font_awesome_flutter/lib/fonts/fa-regular-400.ttf":["packages/font_awesome_flutter/lib/fonts/fa-regular-400.ttf"],"packages/font_awesome_flutter/lib/fonts/fa-solid-900.ttf":["packages/font_awesome_flutter/lib/fonts/fa-solid-900.ttf"],"packages/wakelock_web/assets/no_sleep.js":["packages/wakelock_web/assets/no_sleep.js"]}